row,col
0,0
0,35
0,71
0,104
0,134
0,173
0,199
0,226
0,271
0,272
1,1
1,36
1,72
1,105
1,135
1,174
1,200
1,227
1,256
1,273
2,2
2,37
2,73
2,106
2,136
2,175
2,201
2,228
2,257
2,274
3,3
3,38
3,74
3,107
3,137
3,160
3,202
3,229
3,258
3,275
4,4
4,39
4,75
4,108
4,138
4,161
4,203
4,230
4,259
4,276
5,5
5,40
5,76
5,109
5,139
5,162
5,204
5,231
5,260
5,277
6,6
6,41
6,77
6,110
6,140
6,163
6,205
6,232
6,261
6,278
7,7
7,42
7,78
7,111
7,141
7,164
7,206
7,233
7,262
7,279
8,8
8,43
8,79
8,96
8,142
8,165
8,207
8,234
8,263
8,280
9,9
9,44
9,64
9,97
9,143
9,166
9,192
9,235
9,264
9,281
10,10
10,45
10,65
10,98
10,128
10,167
10,193
10,236
10,265
10,282
11,11
11,46
11,66
11,99
11,129
11,168
11,194
11,237
11,266
11,283
12,12
12,47
12,67
12,100
12,130
12,169
12,195
12,238
12,267
12,284
13,13
13,32
13,68
13,101
13,131
13,170
13,196
13,239
13,268
13,285
14,14
14,33
14,69
14,102
14,132
14,171
14,197
14,224
14,269
14,286
15,15
15,34
15,70
15,103
15,133
15,172
15,198
15,225
15,270
15,287
16,27
16,62
16,85
16,112
16,146
16,182
16,214
16,248
16,272
16,288
17,28
17,63
17,86
17,113
17,147
17,183
17,215
17,249
17,273
17,289
18,29
18,48
18,87
18,114
18,148
18,184
18,216
18,250
18,274
18,290
19,30
19,49
19,88
19,115
19,149
19,185
19,217
19,251
19,275
19,291
20,31
20,50
20,89
20,116
20,150
20,186
20,218
20,252
20,276
20,292
21,16
21,51
21,90
21,117
21,151
21,187
21,219
21,253
21,277
21,293
22,17
22,52
22,91
22,118
22,152
22,188
22,220
22,254
22,278
22,294
23,18
23,53
23,92
23,119
23,153
23,189
23,221
23,255
23,279
23,295
24,19
24,54
24,93
24,120
24,154
24,190
24,222
24,240
24,280
24,296
25,20
25,55
25,94
25,121
25,155
25,191
25,223
25,241
25,281
25,297
26,21
26,56
26,95
26,122
26,156
26,176
26,208
26,242
26,282
26,298
27,22
27,57
27,80
27,123
27,157
27,177
27,209
27,243
27,283
27,299
28,23
28,58
28,81
28,124
28,158
28,178
28,210
28,244
28,284
28,300
29,24
29,59
29,82
29,125
29,159
29,179
29,211
29,245
29,285
29,301
30,25
30,60
30,83
30,126
30,144
30,180
30,212
30,246
30,286
30,302
31,26
31,61
31,84
31,127
31,145
31,181
31,213
31,247
31,287
31,303
32,1
32,46
32,74
32,100
32,142
32,162
32,197
32,236
32,288
32,304
33,2
33,47
33,75
33,101
33,143
33,163
33,198
33,237
33,289
33,305
34,3
34,32
34,76
34,102
34,128
34,164
34,199
34,238
34,290
34,306
35,4
35,33
35,77
35,103
35,129
35,165
35,200
35,239
35,291
35,307
36,5
36,34
36,78
36,104
36,130
36,166
36,201
36,224
36,292
36,308
37,6
37,35
37,79
37,105
37,131
37,167
37,202
37,225
37,293
37,309
38,7
38,36
38,64
38,106
38,132
38,168
38,203
38,226
38,294
38,310
39,8
39,37
39,65
39,107
39,133
39,169
39,204
39,227
39,295
39,311
40,9
40,38
40,66
40,108
40,134
40,170
40,205
40,228
40,296
40,312
41,10
41,39
41,67
41,109
41,135
41,171
41,206
41,229
41,297
41,313
42,11
42,40
42,68
42,110
42,136
42,172
42,207
42,230
42,298
42,314
43,12
43,41
43,69
43,111
43,137
43,173
43,192
43,231
43,299
43,315
44,13
44,42
44,70
44,96
44,138
44,174
44,193
44,232
44,300
44,316
45,14
45,43
45,71
45,97
45,139
45,175
45,194
45,233
45,301
45,317
46,15
46,44
46,72
46,98
46,140
46,160
46,195
46,234
46,302
46,318
47,0
47,45
47,73
47,99
47,141
47,161
47,196
47,235
47,303
47,319
48,20
48,53
48,93
48,116
48,158
48,176
48,217
48,246
48,304
48,320
49,21
49,54
49,94
49,117
49,159
49,177
49,218
49,247
49,305
49,321
50,22
50,55
50,95
50,118
50,144
50,178
50,219
50,248
50,306
50,322
51,23
51,56
51,80
51,119
51,145
51,179
51,220
51,249
51,307
51,323
52,24
52,57
52,81
52,120
52,146
52,180
52,221
52,250
52,308
52,324
53,25
53,58
53,82
53,121
53,147
53,181
53,222
53,251
53,309
53,325
54,26
54,59
54,83
54,122
54,148
54,182
54,223
54,252
54,310
54,326
55,27
55,60
55,84
55,123
55,149
55,183
55,208
55,253
55,311
55,327
56,28
56,61
56,85
56,124
56,150
56,184
56,209
56,254
56,312
56,328
57,29
57,62
57,86
57,125
57,151
57,185
57,210
57,255
57,313
57,329
58,30
58,63
58,87
58,126
58,152
58,186
58,211
58,240
58,314
58,330
59,31
59,48
59,88
59,127
59,153
59,187
59,212
59,241
59,315
59,331
60,16
60,49
60,89
60,112
60,154
60,188
60,213
60,242
60,316
60,332
61,17
61,50
61,90
61,113
61,155
61,189
61,214
61,243
61,317
61,333
62,18
62,51
62,91
62,114
62,156
62,190
62,215
62,244
62,318
62,334
63,19
63,52
63,92
63,115
63,157
63,191
63,216
63,245
63,319
63,335
64,3
64,36
64,66
64,101
64,139
64,164
64,200
64,234
64,320
64,336
65,4
65,37
65,67
65,102
65,140
65,165
65,201
65,235
65,321
65,337
66,5
66,38
66,68
66,103
66,141
66,166
66,202
66,236
66,322
66,338
67,6
67,39
67,69
67,104
67,142
67,167
67,203
67,237
67,323
67,339
68,7
68,40
68,70
68,105
68,143
68,168
68,204
68,238
68,324
68,340
69,8
69,41
69,71
69,106
69,128
69,169
69,205
69,239
69,325
69,341
70,9
70,42
70,72
70,107
70,129
70,170
70,206
70,224
70,326
70,342
71,10
71,43
71,73
71,108
71,130
71,171
71,207
71,225
71,327
71,343
72,11
72,44
72,74
72,109
72,131
72,172
72,192
72,226
72,328
72,344
73,12
73,45
73,75
73,110
73,132
73,173
73,193
73,227
73,329
73,345
74,13
74,46
74,76
74,111
74,133
74,174
74,194
74,228
74,330
74,346
75,14
75,47
75,77
75,96
75,134
75,175
75,195
75,229
75,331
75,347
76,15
76,32
76,78
76,97
76,135
76,160
76,196
76,230
76,332
76,348
77,0
77,33
77,79
77,98
77,136
77,161
77,197
77,231
77,333
77,349
78,1
78,34
78,64
78,99
78,137
78,162
78,198
78,232
78,334
78,350
79,2
79,35
79,65
79,100
79,138
79,163
79,199
79,233
79,335
79,351
80,21
80,58
80,89
80,114
80,144
80,181
80,220
80,240
80,336
80,352
81,22
81,59
81,90
81,115
81,145
81,182
81,221
81,241
81,337
81,353
82,23
82,60
82,91
82,116
82,146
82,183
82,222
82,242
82,338
82,354
83,24
83,61
83,92
83,117
83,147
83,184
83,223
83,243
83,339
83,355
84,25
84,62
84,93
84,118
84,148
84,185
84,208
84,244
84,340
84,356
85,26
85,63
85,94
85,119
85,149
85,186
85,209
85,245
85,341
85,357
86,27
86,48
86,95
86,120
86,150
86,187
86,210
86,246
86,342
86,358
87,28
87,49
87,80
87,121
87,151
87,188
87,211
87,247
87,343
87,359
88,29
88,50
88,81
88,122
88,152
88,189
88,212
88,248
88,344
88,360
89,30
89,51
89,82
89,123
89,153
89,190
89,213
89,249
89,345
89,361
90,31
90,52
90,83
90,124
90,154
90,191
90,214
90,250
90,346
90,362
91,16
91,53
91,84
91,125
91,155
91,176
91,215
91,251
91,347
91,363
92,17
92,54
92,85
92,126
92,156
92,177
92,216
92,252
92,348
92,364
93,18
93,55
93,86
93,127
93,157
93,178
93,217
93,253
93,349
93,365
94,19
94,56
94,87
94,112
94,158
94,179
94,218
94,254
94,350
94,366
95,20
95,57
95,88
95,113
95,159
95,180
95,219
95,255
95,351
95,367
96,5
96,32
96,66
96,105
96,142
96,160
96,193
96,232
96,256
96,352
96,368
97,6
97,33
97,67
97,106
97,143
97,161
97,194
97,233
97,257
97,353
97,369
98,7
98,34
98,68
98,107
98,128
98,162
98,195
98,234
98,258
98,354
98,370
99,8
99,35
99,69
99,108
99,129
99,163
99,196
99,235
99,259
99,355
99,371
100,9
100,36
100,70
100,109
100,130
100,164
100,197
100,236
100,260
100,356
100,372
101,10
101,37
101,71
101,110
101,131
101,165
101,198
101,237
101,261
101,357
101,373
102,11
102,38
102,72
102,111
102,132
102,166
102,199
102,238
102,262
102,358
102,374
103,12
103,39
103,73
103,96
103,133
103,167
103,200
103,239
103,263
103,359
103,375
104,13
104,40
104,74
104,97
104,134
104,168
104,201
104,224
104,264
104,360
104,376
105,14
105,41
105,75
105,98
105,135
105,169
105,202
105,225
105,265
105,361
105,377
106,15
106,42
106,76
106,99
106,136
106,170
106,203
106,226
106,266
106,362
106,378
107,0
107,43
107,77
107,100
107,137
107,171
107,204
107,227
107,267
107,363
107,379
108,1
108,44
108,78
108,101
108,138
108,172
108,205
108,228
108,268
108,364
108,380
109,2
109,45
109,79
109,102
109,139
109,173
109,206
109,229
109,269
109,365
109,381
110,3
110,46
110,64
110,103
110,140
110,174
110,207
110,230
110,270
110,366
110,382
111,4
111,47
111,65
111,104
111,141
111,175
111,192
111,231
111,271
111,367
111,383
112,16
112,55
112,82
112,122
112,158
112,185
112,221
112,246
112,271
112,368
113,17
113,56
113,83
113,123
113,159
113,186
113,222
113,247
113,256
113,369
114,18
114,57
114,84
114,124
114,144
114,187
114,223
114,248
114,257
114,370
115,19
115,58
115,85
115,125
115,145
115,188
115,208
115,249
115,258
115,371
116,20
116,59
116,86
116,126
116,146
116,189
116,209
116,250
116,259
116,372
117,21
117,60
117,87
117,127
117,147
117,190
117,210
117,251
117,260
117,373
118,22
118,61
118,88
118,112
118,148
118,191
118,211
118,252
118,261
118,374
119,23
119,62
119,89
119,113
119,149
119,176
119,212
119,253
119,262
119,375
120,24
120,63
120,90
120,114
120,150
120,177
120,213
120,254
120,263
120,376
121,25
121,48
121,91
121,115
121,151
121,178
121,214
121,255
121,264
121,377
122,26
122,49
122,92
122,116
122,152
122,179
122,215
122,240
122,265
122,378
123,27
123,50
123,93
123,117
123,153
123,180
123,216
123,241
123,266
123,379
124,28
124,51
124,94
124,118
124,154
124,181
124,217
124,242
124,267
124,380
125,29
125,52
125,95
125,119
125,155
125,182
125,218
125,243
125,268
125,381
126,30
126,53
126,80
126,120
126,156
126,183
126,219
126,244
126,269
126,382
127,31
127,54
127,81
127,121
127,157
127,184
127,220
127,245
127,270
127,383
