source,mode,cluster_size,iteration,cluster_id,max_residual,snr_db
rl,ppo | LDPC-DiscreteMI-v0,48,0,0,2.8403947746128986,0.0
rl,ppo | LDPC-DiscreteMI-v0,48,0,1,3.9316165531231975,0.0
rl,ppo | LDPC-DiscreteMI-v0,48,0,2,3.005980979398517,0.0
rl,ppo | LDPC-DiscreteMI-v0,48,0,3,3.8681641621632568,0.0
rl,ppo | LDPC-DiscreteMI-v0,48,0,4,4.8706008361861945,0.0
rl,ppo | LDPC-DiscreteMI-v0,48,0,5,5.566072994269723,0.0
rl,ppo | LDPC-DiscreteMI-v0,48,0,6,4.8549997447151565,0.0
rl,ppo | LDPC-DiscreteMI-v0,48,0,7,5.289278675872303,0.0
rl,ppo | LDPC-DiscreteMI-v0,48,0,8,5.762796970042492,0.0
rl,ppo | LDPC-DiscreteMI-v0,48,0,9,5.741611636225724,0.0
rl,ppo | LDPC-DiscreteMI-v0,48,0,10,5.457859802030297,0.0
rl,ppo | LDPC-DiscreteMI-v0,48,0,11,6.380369202692517,0.0
rl,ppo | LDPC-DiscreteMI-v0,48,1,0,2.8403947746128986,0.0
rl,ppo | LDPC-DiscreteMI-v0,48,1,1,3.9316165531231975,0.0
rl,ppo | LDPC-DiscreteMI-v0,48,1,2,3.005980979398517,0.0
rl,ppo | LDPC-DiscreteMI-v0,48,1,3,3.8681641621632568,0.0
rl,ppo | LDPC-DiscreteMI-v0,48,1,4,4.8706008361861945,0.0
rl,ppo | LDPC-DiscreteMI-v0,48,1,5,5.566072994269723,0.0
rl,ppo | LDPC-DiscreteMI-v0,48,1,6,4.8549997447151565,0.0
rl,ppo | LDPC-DiscreteMI-v0,48,1,7,5.289278675872303,0.0
rl,ppo | LDPC-DiscreteMI-v0,48,1,8,5.762796970042492,0.0
rl,ppo | LDPC-DiscreteMI-v0,48,1,9,0.0,0.0
rl,ppo | LDPC-DiscreteMI-v0,48,1,10,5.457859802030297,0.0
rl,ppo | LDPC-DiscreteMI-v0,48,1,11,6.380369202692517,0.0
rl,ppo | LDPC-DiscreteMI-v0,48,2,0,2.8403947746128986,0.0
rl,ppo | LDPC-DiscreteMI-v0,48,2,1,3.9316165531231975,0.0
rl,ppo | LDPC-DiscreteMI-v0,48,2,2,3.005980979398517,0.0
rl,ppo | LDPC-DiscreteMI-v0,48,2,3,3.8681641621632568,0.0
rl,ppo | LDPC-DiscreteMI-v0,48,2,4,4.8706008361861945,0.0
rl,ppo | LDPC-DiscreteMI-v0,48,2,5,5.566072994269723,0.0
rl,ppo | LDPC-DiscreteMI-v0,48,2,6,4.8549997447151565,0.0
rl,ppo | LDPC-DiscreteMI-v0,48,2,7,5.289278675872303,0.0
rl,ppo | LDPC-DiscreteMI-v0,48,2,8,5.762796970042492,0.0
rl,ppo | LDPC-DiscreteMI-v0,48,2,9,0.0,0.0
rl,ppo | LDPC-DiscreteMI-v0,48,2,10,5.457859802030297,0.0
rl,ppo | LDPC-DiscreteMI-v0,48,2,11,6.380369202692517,0.0
rl,ppo | LDPC-DiscreteMI-v0,48,3,0,2.8403947746128986,0.0
rl,ppo | LDPC-DiscreteMI-v0,48,3,1,3.9316165531231975,0.0
rl,ppo | LDPC-DiscreteMI-v0,48,3,2,3.005980979398517,0.0
rl,ppo | LDPC-DiscreteMI-v0,48,3,3,3.8681641621632568,0.0
rl,ppo | LDPC-DiscreteMI-v0,48,3,4,4.8706008361861945,0.0
rl,ppo | LDPC-DiscreteMI-v0,48,3,5,5.566072994269723,0.0
rl,ppo | LDPC-DiscreteMI-v0,48,3,6,4.8549997447151565,0.0
rl,ppo | LDPC-DiscreteMI-v0,48,3,7,5.289278675872303,0.0
rl,ppo | LDPC-DiscreteMI-v0,48,3,8,5.762796970042492,0.0
rl,ppo | LDPC-DiscreteMI-v0,48,3,9,0.0,0.0
rl,ppo | LDPC-DiscreteMI-v0,48,3,10,5.457859802030297,0.0
rl,ppo | LDPC-DiscreteMI-v0,48,3,11,6.380369202692517,0.0
rl,ppo | LDPC-DiscreteMI-v0,48,4,0,2.8403947746128986,0.0
rl,ppo | LDPC-DiscreteMI-v0,48,4,1,3.9316165531231975,0.0
rl,ppo | LDPC-DiscreteMI-v0,48,4,2,3.005980979398517,0.0
rl,ppo | LDPC-DiscreteMI-v0,48,4,3,3.8681641621632568,0.0
rl,ppo | LDPC-DiscreteMI-v0,48,4,4,4.8706008361861945,0.0
rl,ppo | LDPC-DiscreteMI-v0,48,4,5,5.566072994269723,0.0
rl,ppo | LDPC-DiscreteMI-v0,48,4,6,4.8549997447151565,0.0
rl,ppo | LDPC-DiscreteMI-v0,48,4,7,5.289278675872303,0.0
rl,ppo | LDPC-DiscreteMI-v0,48,4,8,5.762796970042492,0.0
rl,ppo | LDPC-DiscreteMI-v0,48,4,9,0.0,0.0
rl,ppo | LDPC-DiscreteMI-v0,48,4,10,5.457859802030297,0.0
rl,ppo | LDPC-DiscreteMI-v0,48,4,11,6.380369202692517,0.0
rl,ppo | LDPC-DiscreteMI-v0,48,5,0,2.8403947746128986,0.0
rl,ppo | LDPC-DiscreteMI-v0,48,5,1,3.9316165531231975,0.0
rl,ppo | LDPC-DiscreteMI-v0,48,5,2,3.005980979398517,0.0
rl,ppo | LDPC-DiscreteMI-v0,48,5,3,3.8681641621632568,0.0
rl,ppo | LDPC-DiscreteMI-v0,48,5,4,4.8706008361861945,0.0
rl,ppo | LDPC-DiscreteMI-v0,48,5,5,5.566072994269723,0.0
rl,ppo | LDPC-DiscreteMI-v0,48,5,6,4.8549997447151565,0.0
rl,ppo | LDPC-DiscreteMI-v0,48,5,7,5.289278675872303,0.0
rl,ppo | LDPC-DiscreteMI-v0,48,5,8,5.762796970042492,0.0
rl,ppo | LDPC-DiscreteMI-v0,48,5,9,0.0,0.0
rl,ppo | LDPC-DiscreteMI-v0,48,5,10,5.457859802030297,0.0
rl,ppo | LDPC-DiscreteMI-v0,48,5,11,6.380369202692517,0.0
rl,ppo | LDPC-DiscreteMI-v0,48,6,0,2.8403947746128986,0.0
rl,ppo | LDPC-DiscreteMI-v0,48,6,1,3.9316165531231975,0.0
rl,ppo | LDPC-DiscreteMI-v0,48,6,2,3.005980979398517,0.0
rl,ppo | LDPC-DiscreteMI-v0,48,6,3,3.8681641621632568,0.0
rl,ppo | LDPC-DiscreteMI-v0,48,6,4,4.8706008361861945,0.0
rl,ppo | LDPC-DiscreteMI-v0,48,6,5,5.566072994269723,0.0
rl,ppo | LDPC-DiscreteMI-v0,48,6,6,4.8549997447151565,0.0
rl,ppo | LDPC-DiscreteMI-v0,48,6,7,5.289278675872303,0.0
rl,ppo | LDPC-DiscreteMI-v0,48,6,8,5.762796970042492,0.0
rl,ppo | LDPC-DiscreteMI-v0,48,6,9,0.0,0.0
rl,ppo | LDPC-DiscreteMI-v0,48,6,10,5.457859802030297,0.0
rl,ppo | LDPC-DiscreteMI-v0,48,6,11,6.380369202692517,0.0
rl,ppo | LDPC-DiscreteMI-v0,48,7,0,2.8403947746128986,0.0
rl,ppo | LDPC-DiscreteMI-v0,48,7,1,3.9316165531231975,0.0
rl,ppo | LDPC-DiscreteMI-v0,48,7,2,3.005980979398517,0.0
rl,ppo | LDPC-DiscreteMI-v0,48,7,3,3.8681641621632568,0.0
rl,ppo | LDPC-DiscreteMI-v0,48,7,4,4.8706008361861945,0.0
rl,ppo | LDPC-DiscreteMI-v0,48,7,5,5.566072994269723,0.0
rl,ppo | LDPC-DiscreteMI-v0,48,7,6,4.8549997447151565,0.0
rl,ppo | LDPC-DiscreteMI-v0,48,7,7,5.289278675872303,0.0
rl,ppo | LDPC-DiscreteMI-v0,48,7,8,5.762796970042492,0.0
rl,ppo | LDPC-DiscreteMI-v0,48,7,9,0.0,0.0
rl,ppo | LDPC-DiscreteMI-v0,48,7,10,5.457859802030297,0.0
rl,ppo | LDPC-DiscreteMI-v0,48,7,11,6.380369202692517,0.0
rl,ppo | LDPC-DiscreteMI-v0,48,8,0,2.8403947746128986,0.0
rl,ppo | LDPC-DiscreteMI-v0,48,8,1,3.9316165531231975,0.0
rl,ppo | LDPC-DiscreteMI-v0,48,8,2,3.005980979398517,0.0
rl,ppo | LDPC-DiscreteMI-v0,48,8,3,3.8681641621632568,0.0
rl,ppo | LDPC-DiscreteMI-v0,48,8,4,4.8706008361861945,0.0
rl,ppo | LDPC-DiscreteMI-v0,48,8,5,5.566072994269723,0.0
rl,ppo | LDPC-DiscreteMI-v0,48,8,6,4.8549997447151565,0.0
rl,ppo | LDPC-DiscreteMI-v0,48,8,7,5.289278675872303,0.0
rl,ppo | LDPC-DiscreteMI-v0,48,8,8,5.762796970042492,0.0
rl,ppo | LDPC-DiscreteMI-v0,48,8,9,0.0,0.0
rl,ppo | LDPC-DiscreteMI-v0,48,8,10,5.457859802030297,0.0
rl,ppo | LDPC-DiscreteMI-v0,48,8,11,6.380369202692517,0.0
rl,ppo | LDPC-DiscreteMI-v0,48,9,0,2.8403947746128986,0.0
rl,ppo | LDPC-DiscreteMI-v0,48,9,1,3.9316165531231975,0.0
rl,ppo | LDPC-DiscreteMI-v0,48,9,2,3.005980979398517,0.0
rl,ppo | LDPC-DiscreteMI-v0,48,9,3,3.8681641621632568,0.0
rl,ppo | LDPC-DiscreteMI-v0,48,9,4,4.8706008361861945,0.0
rl,ppo | LDPC-DiscreteMI-v0,48,9,5,5.566072994269723,0.0
rl,ppo | LDPC-DiscreteMI-v0,48,9,6,4.8549997447151565,0.0
rl,ppo | LDPC-DiscreteMI-v0,48,9,7,5.289278675872303,0.0
rl,ppo | LDPC-DiscreteMI-v0,48,9,8,5.762796970042492,0.0
rl,ppo | LDPC-DiscreteMI-v0,48,9,9,0.0,0.0
rl,ppo | LDPC-DiscreteMI-v0,48,9,10,5.457859802030297,0.0
rl,ppo | LDPC-DiscreteMI-v0,48,9,11,6.380369202692517,0.0
rl,ppo | LDPC-DiscreteMI-v0,48,10,0,2.8403947746128986,0.0
rl,ppo | LDPC-DiscreteMI-v0,48,10,1,3.9316165531231975,0.0
rl,ppo | LDPC-DiscreteMI-v0,48,10,2,3.005980979398517,0.0
rl,ppo | LDPC-DiscreteMI-v0,48,10,3,3.8681641621632568,0.0
rl,ppo | LDPC-DiscreteMI-v0,48,10,4,4.8706008361861945,0.0
rl,ppo | LDPC-DiscreteMI-v0,48,10,5,5.566072994269723,0.0
rl,ppo | LDPC-DiscreteMI-v0,48,10,6,4.8549997447151565,0.0
rl,ppo | LDPC-DiscreteMI-v0,48,10,7,5.289278675872303,0.0
rl,ppo | LDPC-DiscreteMI-v0,48,10,8,5.762796970042492,0.0
rl,ppo | LDPC-DiscreteMI-v0,48,10,9,0.0,0.0
rl,ppo | LDPC-DiscreteMI-v0,48,10,10,5.457859802030297,0.0
rl,ppo | LDPC-DiscreteMI-v0,48,10,11,6.380369202692517,0.0
rl,ppo | LDPC-DiscreteMI-v0,48,11,0,2.8403947746128986,0.0
rl,ppo | LDPC-DiscreteMI-v0,48,11,1,3.9316165531231975,0.0
rl,ppo | LDPC-DiscreteMI-v0,48,11,2,3.005980979398517,0.0
rl,ppo | LDPC-DiscreteMI-v0,48,11,3,3.8681641621632568,0.0
rl,ppo | LDPC-DiscreteMI-v0,48,11,4,4.8706008361861945,0.0
rl,ppo | LDPC-DiscreteMI-v0,48,11,5,5.566072994269723,0.0
rl,ppo | LDPC-DiscreteMI-v0,48,11,6,4.8549997447151565,0.0
rl,ppo | LDPC-DiscreteMI-v0,48,11,7,5.289278675872303,0.0
rl,ppo | LDPC-DiscreteMI-v0,48,11,8,5.762796970042492,0.0
rl,ppo | LDPC-DiscreteMI-v0,48,11,9,0.0,0.0
rl,ppo | LDPC-DiscreteMI-v0,48,11,10,5.457859802030297,0.0
rl,ppo | LDPC-DiscreteMI-v0,48,11,11,6.380369202692517,0.0
rl,ppo | LDPC-DiscreteMI-v0,48,12,0,2.8403947746128986,0.0
rl,ppo | LDPC-DiscreteMI-v0,48,12,1,3.9316165531231975,0.0
rl,ppo | LDPC-DiscreteMI-v0,48,12,2,3.005980979398517,0.0
rl,ppo | LDPC-DiscreteMI-v0,48,12,3,3.8681641621632568,0.0
rl,ppo | LDPC-DiscreteMI-v0,48,12,4,4.8706008361861945,0.0
rl,ppo | LDPC-DiscreteMI-v0,48,12,5,5.566072994269723,0.0
rl,ppo | LDPC-DiscreteMI-v0,48,12,6,4.8549997447151565,0.0
rl,ppo | LDPC-DiscreteMI-v0,48,12,7,5.289278675872303,0.0
rl,ppo | LDPC-DiscreteMI-v0,48,12,8,5.762796970042492,0.0
rl,ppo | LDPC-DiscreteMI-v0,48,12,9,0.0,0.0
rl,ppo | LDPC-DiscreteMI-v0,48,12,10,5.457859802030297,0.0
rl,ppo | LDPC-DiscreteMI-v0,48,12,11,6.380369202692517,0.0
rl,ppo | LDPC-DiscreteMI-v0,48,13,0,2.8403947746128986,0.0
rl,ppo | LDPC-DiscreteMI-v0,48,13,1,3.9316165531231975,0.0
rl,ppo | LDPC-DiscreteMI-v0,48,13,2,3.005980979398517,0.0
rl,ppo | LDPC-DiscreteMI-v0,48,13,3,3.8681641621632568,0.0
rl,ppo | LDPC-DiscreteMI-v0,48,13,4,4.8706008361861945,0.0
rl,ppo | LDPC-DiscreteMI-v0,48,13,5,5.566072994269723,0.0
rl,ppo | LDPC-DiscreteMI-v0,48,13,6,4.8549997447151565,0.0
rl,ppo | LDPC-DiscreteMI-v0,48,13,7,5.289278675872303,0.0
rl,ppo | LDPC-DiscreteMI-v0,48,13,8,5.762796970042492,0.0
rl,ppo | LDPC-DiscreteMI-v0,48,13,9,0.0,0.0
rl,ppo | LDPC-DiscreteMI-v0,48,13,10,5.457859802030297,0.0
rl,ppo | LDPC-DiscreteMI-v0,48,13,11,6.380369202692517,0.0
rl,ppo | LDPC-DiscreteMI-v0,48,14,0,2.8403947746128986,0.0
rl,ppo | LDPC-DiscreteMI-v0,48,14,1,3.9316165531231975,0.0
rl,ppo | LDPC-DiscreteMI-v0,48,14,2,3.005980979398517,0.0
rl,ppo | LDPC-DiscreteMI-v0,48,14,3,3.8681641621632568,0.0
rl,ppo | LDPC-DiscreteMI-v0,48,14,4,4.8706008361861945,0.0
rl,ppo | LDPC-DiscreteMI-v0,48,14,5,5.566072994269723,0.0
rl,ppo | LDPC-DiscreteMI-v0,48,14,6,4.8549997447151565,0.0
rl,ppo | LDPC-DiscreteMI-v0,48,14,7,5.289278675872303,0.0
rl,ppo | LDPC-DiscreteMI-v0,48,14,8,5.762796970042492,0.0
rl,ppo | LDPC-DiscreteMI-v0,48,14,9,0.0,0.0
rl,ppo | LDPC-DiscreteMI-v0,48,14,10,5.457859802030297,0.0
rl,ppo | LDPC-DiscreteMI-v0,48,14,11,6.380369202692517,0.0
rl,ppo | LDPC-DiscreteMI-v0,48,15,0,2.8403947746128986,0.0
rl,ppo | LDPC-DiscreteMI-v0,48,15,1,3.9316165531231975,0.0
rl,ppo | LDPC-DiscreteMI-v0,48,15,2,3.005980979398517,0.0
rl,ppo | LDPC-DiscreteMI-v0,48,15,3,3.8681641621632568,0.0
rl,ppo | LDPC-DiscreteMI-v0,48,15,4,4.8706008361861945,0.0
rl,ppo | LDPC-DiscreteMI-v0,48,15,5,5.566072994269723,0.0
rl,ppo | LDPC-DiscreteMI-v0,48,15,6,4.8549997447151565,0.0
rl,ppo | LDPC-DiscreteMI-v0,48,15,7,5.289278675872303,0.0
rl,ppo | LDPC-DiscreteMI-v0,48,15,8,5.762796970042492,0.0
rl,ppo | LDPC-DiscreteMI-v0,48,15,9,0.0,0.0
rl,ppo | LDPC-DiscreteMI-v0,48,15,10,5.457859802030297,0.0
rl,ppo | LDPC-DiscreteMI-v0,48,15,11,6.380369202692517,0.0
rl,ppo | LDPC-DiscreteMI-v0,48,16,0,2.8403947746128986,0.0
rl,ppo | LDPC-DiscreteMI-v0,48,16,1,3.9316165531231975,0.0
rl,ppo | LDPC-DiscreteMI-v0,48,16,2,3.005980979398517,0.0
rl,ppo | LDPC-DiscreteMI-v0,48,16,3,3.8681641621632568,0.0
rl,ppo | LDPC-DiscreteMI-v0,48,16,4,4.8706008361861945,0.0
rl,ppo | LDPC-DiscreteMI-v0,48,16,5,5.566072994269723,0.0
rl,ppo | LDPC-DiscreteMI-v0,48,16,6,4.8549997447151565,0.0
rl,ppo | LDPC-DiscreteMI-v0,48,16,7,5.289278675872303,0.0
rl,ppo | LDPC-DiscreteMI-v0,48,16,8,5.762796970042492,0.0
rl,ppo | LDPC-DiscreteMI-v0,48,16,9,0.0,0.0
rl,ppo | LDPC-DiscreteMI-v0,48,16,10,5.457859802030297,0.0
rl,ppo | LDPC-DiscreteMI-v0,48,16,11,6.380369202692517,0.0
rl,ppo | LDPC-DiscreteMI-v0,48,17,0,2.8403947746128986,0.0
rl,ppo | LDPC-DiscreteMI-v0,48,17,1,3.9316165531231975,0.0
rl,ppo | LDPC-DiscreteMI-v0,48,17,2,3.005980979398517,0.0
rl,ppo | LDPC-DiscreteMI-v0,48,17,3,3.8681641621632568,0.0
rl,ppo | LDPC-DiscreteMI-v0,48,17,4,4.8706008361861945,0.0
rl,ppo | LDPC-DiscreteMI-v0,48,17,5,5.566072994269723,0.0
rl,ppo | LDPC-DiscreteMI-v0,48,17,6,4.8549997447151565,0.0
rl,ppo | LDPC-DiscreteMI-v0,48,17,7,5.289278675872303,0.0
rl,ppo | LDPC-DiscreteMI-v0,48,17,8,5.762796970042492,0.0
rl,ppo | LDPC-DiscreteMI-v0,48,17,9,0.0,0.0
rl,ppo | LDPC-DiscreteMI-v0,48,17,10,5.457859802030297,0.0
rl,ppo | LDPC-DiscreteMI-v0,48,17,11,6.380369202692517,0.0
rl,ppo | LDPC-DiscreteMI-v0,48,18,0,2.8403947746128986,0.0
rl,ppo | LDPC-DiscreteMI-v0,48,18,1,3.9316165531231975,0.0
rl,ppo | LDPC-DiscreteMI-v0,48,18,2,3.005980979398517,0.0
rl,ppo | LDPC-DiscreteMI-v0,48,18,3,3.8681641621632568,0.0
rl,ppo | LDPC-DiscreteMI-v0,48,18,4,4.8706008361861945,0.0
rl,ppo | LDPC-DiscreteMI-v0,48,18,5,5.566072994269723,0.0
rl,ppo | LDPC-DiscreteMI-v0,48,18,6,4.8549997447151565,0.0
rl,ppo | LDPC-DiscreteMI-v0,48,18,7,5.289278675872303,0.0
rl,ppo | LDPC-DiscreteMI-v0,48,18,8,5.762796970042492,0.0
rl,ppo | LDPC-DiscreteMI-v0,48,18,9,0.0,0.0
rl,ppo | LDPC-DiscreteMI-v0,48,18,10,5.457859802030297,0.0
rl,ppo | LDPC-DiscreteMI-v0,48,18,11,6.380369202692517,0.0
rl,ppo | LDPC-DiscreteMI-v0,48,19,0,2.8403947746128986,0.0
rl,ppo | LDPC-DiscreteMI-v0,48,19,1,3.9316165531231975,0.0
rl,ppo | LDPC-DiscreteMI-v0,48,19,2,3.005980979398517,0.0
rl,ppo | LDPC-DiscreteMI-v0,48,19,3,3.8681641621632568,0.0
rl,ppo | LDPC-DiscreteMI-v0,48,19,4,4.8706008361861945,0.0
rl,ppo | LDPC-DiscreteMI-v0,48,19,5,5.566072994269723,0.0
rl,ppo | LDPC-DiscreteMI-v0,48,19,6,4.8549997447151565,0.0
rl,ppo | LDPC-DiscreteMI-v0,48,19,7,5.289278675872303,0.0
rl,ppo | LDPC-DiscreteMI-v0,48,19,8,5.762796970042492,0.0
rl,ppo | LDPC-DiscreteMI-v0,48,19,9,0.0,0.0
rl,ppo | LDPC-DiscreteMI-v0,48,19,10,5.457859802030297,0.0
rl,ppo | LDPC-DiscreteMI-v0,48,19,11,6.380369202692517,0.0
rl,ppo | LDPC-DiscreteMI-v0,48,20,0,2.8403947746128986,0.0
rl,ppo | LDPC-DiscreteMI-v0,48,20,1,3.9316165531231975,0.0
rl,ppo | LDPC-DiscreteMI-v0,48,20,2,3.005980979398517,0.0
rl,ppo | LDPC-DiscreteMI-v0,48,20,3,3.8681641621632568,0.0
rl,ppo | LDPC-DiscreteMI-v0,48,20,4,4.8706008361861945,0.0
rl,ppo | LDPC-DiscreteMI-v0,48,20,5,5.566072994269723,0.0
rl,ppo | LDPC-DiscreteMI-v0,48,20,6,4.8549997447151565,0.0
rl,ppo | LDPC-DiscreteMI-v0,48,20,7,5.289278675872303,0.0
rl,ppo | LDPC-DiscreteMI-v0,48,20,8,5.762796970042492,0.0
rl,ppo | LDPC-DiscreteMI-v0,48,20,9,0.0,0.0
rl,ppo | LDPC-DiscreteMI-v0,48,20,10,5.457859802030297,0.0
rl,ppo | LDPC-DiscreteMI-v0,48,20,11,6.380369202692517,0.0
rl,ppo | LDPC-DiscreteMI-v0,48,21,0,2.8403947746128986,0.0
rl,ppo | LDPC-DiscreteMI-v0,48,21,1,3.9316165531231975,0.0
rl,ppo | LDPC-DiscreteMI-v0,48,21,2,3.005980979398517,0.0
rl,ppo | LDPC-DiscreteMI-v0,48,21,3,3.8681641621632568,0.0
rl,ppo | LDPC-DiscreteMI-v0,48,21,4,4.8706008361861945,0.0
rl,ppo | LDPC-DiscreteMI-v0,48,21,5,5.566072994269723,0.0
rl,ppo | LDPC-DiscreteMI-v0,48,21,6,4.8549997447151565,0.0
rl,ppo | LDPC-DiscreteMI-v0,48,21,7,5.289278675872303,0.0
rl,ppo | LDPC-DiscreteMI-v0,48,21,8,5.762796970042492,0.0
rl,ppo | LDPC-DiscreteMI-v0,48,21,9,0.0,0.0
rl,ppo | LDPC-DiscreteMI-v0,48,21,10,5.457859802030297,0.0
rl,ppo | LDPC-DiscreteMI-v0,48,21,11,6.380369202692517,0.0
rl,ppo | LDPC-DiscreteMI-v0,48,22,0,2.8403947746128986,0.0
rl,ppo | LDPC-DiscreteMI-v0,48,22,1,3.9316165531231975,0.0
rl,ppo | LDPC-DiscreteMI-v0,48,22,2,3.005980979398517,0.0
rl,ppo | LDPC-DiscreteMI-v0,48,22,3,3.8681641621632568,0.0
rl,ppo | LDPC-DiscreteMI-v0,48,22,4,4.8706008361861945,0.0
rl,ppo | LDPC-DiscreteMI-v0,48,22,5,5.566072994269723,0.0
rl,ppo | LDPC-DiscreteMI-v0,48,22,6,4.8549997447151565,0.0
rl,ppo | LDPC-DiscreteMI-v0,48,22,7,5.289278675872303,0.0
rl,ppo | LDPC-DiscreteMI-v0,48,22,8,5.762796970042492,0.0
rl,ppo | LDPC-DiscreteMI-v0,48,22,9,0.0,0.0
rl,ppo | LDPC-DiscreteMI-v0,48,22,10,5.457859802030297,0.0
rl,ppo | LDPC-DiscreteMI-v0,48,22,11,6.380369202692517,0.0
rl,ppo | LDPC-DiscreteMI-v0,48,23,0,2.8403947746128986,0.0
rl,ppo | LDPC-DiscreteMI-v0,48,23,1,3.9316165531231975,0.0
rl,ppo | LDPC-DiscreteMI-v0,48,23,2,3.005980979398517,0.0
rl,ppo | LDPC-DiscreteMI-v0,48,23,3,3.8681641621632568,0.0
rl,ppo | LDPC-DiscreteMI-v0,48,23,4,4.8706008361861945,0.0
rl,ppo | LDPC-DiscreteMI-v0,48,23,5,5.566072994269723,0.0
rl,ppo | LDPC-DiscreteMI-v0,48,23,6,4.8549997447151565,0.0
rl,ppo | LDPC-DiscreteMI-v0,48,23,7,5.289278675872303,0.0
rl,ppo | LDPC-DiscreteMI-v0,48,23,8,5.762796970042492,0.0
rl,ppo | LDPC-DiscreteMI-v0,48,23,9,0.0,0.0
rl,ppo | LDPC-DiscreteMI-v0,48,23,10,5.457859802030297,0.0
rl,ppo | LDPC-DiscreteMI-v0,48,23,11,6.380369202692517,0.0
rl,ppo | LDPC-DiscreteMI-v0,48,24,0,2.8403947746128986,0.0
rl,ppo | LDPC-DiscreteMI-v0,48,24,1,3.9316165531231975,0.0
rl,ppo | LDPC-DiscreteMI-v0,48,24,2,3.005980979398517,0.0
rl,ppo | LDPC-DiscreteMI-v0,48,24,3,3.8681641621632568,0.0
rl,ppo | LDPC-DiscreteMI-v0,48,24,4,4.8706008361861945,0.0
rl,ppo | LDPC-DiscreteMI-v0,48,24,5,5.566072994269723,0.0
rl,ppo | LDPC-DiscreteMI-v0,48,24,6,4.8549997447151565,0.0
rl,ppo | LDPC-DiscreteMI-v0,48,24,7,5.289278675872303,0.0
rl,ppo | LDPC-DiscreteMI-v0,48,24,8,5.762796970042492,0.0
rl,ppo | LDPC-DiscreteMI-v0,48,24,9,0.0,0.0
rl,ppo | LDPC-DiscreteMI-v0,48,24,10,5.457859802030297,0.0
rl,ppo | LDPC-DiscreteMI-v0,48,24,11,6.380369202692517,0.0
rl,ppo | LDPC-DiscreteMI-v0,48,25,0,2.8403947746128986,0.0
rl,ppo | LDPC-DiscreteMI-v0,48,25,1,3.9316165531231975,0.0
rl,ppo | LDPC-DiscreteMI-v0,48,25,2,3.005980979398517,0.0
rl,ppo | LDPC-DiscreteMI-v0,48,25,3,3.8681641621632568,0.0
rl,ppo | LDPC-DiscreteMI-v0,48,25,4,4.8706008361861945,0.0
rl,ppo | LDPC-DiscreteMI-v0,48,25,5,5.566072994269723,0.0
rl,ppo | LDPC-DiscreteMI-v0,48,25,6,4.8549997447151565,0.0
rl,ppo | LDPC-DiscreteMI-v0,48,25,7,5.289278675872303,0.0
rl,ppo | LDPC-DiscreteMI-v0,48,25,8,5.762796970042492,0.0
rl,ppo | LDPC-DiscreteMI-v0,48,25,9,0.0,0.0
rl,ppo | LDPC-DiscreteMI-v0,48,25,10,5.457859802030297,0.0
rl,ppo | LDPC-DiscreteMI-v0,48,25,11,6.380369202692517,0.0
rl,ppo | LDPC-DiscreteMI-v0,48,26,0,2.8403947746128986,0.0
rl,ppo | LDPC-DiscreteMI-v0,48,26,1,3.9316165531231975,0.0
rl,ppo | LDPC-DiscreteMI-v0,48,26,2,3.005980979398517,0.0
rl,ppo | LDPC-DiscreteMI-v0,48,26,3,3.8681641621632568,0.0
rl,ppo | LDPC-DiscreteMI-v0,48,26,4,4.8706008361861945,0.0
rl,ppo | LDPC-DiscreteMI-v0,48,26,5,5.566072994269723,0.0
rl,ppo | LDPC-DiscreteMI-v0,48,26,6,4.8549997447151565,0.0
rl,ppo | LDPC-DiscreteMI-v0,48,26,7,5.289278675872303,0.0
rl,ppo | LDPC-DiscreteMI-v0,48,26,8,5.762796970042492,0.0
rl,ppo | LDPC-DiscreteMI-v0,48,26,9,0.0,0.0
rl,ppo | LDPC-DiscreteMI-v0,48,26,10,5.457859802030297,0.0
rl,ppo | LDPC-DiscreteMI-v0,48,26,11,6.380369202692517,0.0
rl,ppo | LDPC-DiscreteMI-v0,48,27,0,2.8403947746128986,0.0
rl,ppo | LDPC-DiscreteMI-v0,48,27,1,3.9316165531231975,0.0
rl,ppo | LDPC-DiscreteMI-v0,48,27,2,3.005980979398517,0.0
rl,ppo | LDPC-DiscreteMI-v0,48,27,3,3.8681641621632568,0.0
rl,ppo | LDPC-DiscreteMI-v0,48,27,4,4.8706008361861945,0.0
rl,ppo | LDPC-DiscreteMI-v0,48,27,5,5.566072994269723,0.0
rl,ppo | LDPC-DiscreteMI-v0,48,27,6,4.8549997447151565,0.0
rl,ppo | LDPC-DiscreteMI-v0,48,27,7,5.289278675872303,0.0
rl,ppo | LDPC-DiscreteMI-v0,48,27,8,5.762796970042492,0.0
rl,ppo | LDPC-DiscreteMI-v0,48,27,9,0.0,0.0
rl,ppo | LDPC-DiscreteMI-v0,48,27,10,5.457859802030297,0.0
rl,ppo | LDPC-DiscreteMI-v0,48,27,11,6.380369202692517,0.0
rl,ppo | LDPC-DiscreteMI-v0,48,28,0,2.8403947746128986,0.0
rl,ppo | LDPC-DiscreteMI-v0,48,28,1,3.9316165531231975,0.0
rl,ppo | LDPC-DiscreteMI-v0,48,28,2,3.005980979398517,0.0
rl,ppo | LDPC-DiscreteMI-v0,48,28,3,3.8681641621632568,0.0
rl,ppo | LDPC-DiscreteMI-v0,48,28,4,4.8706008361861945,0.0
rl,ppo | LDPC-DiscreteMI-v0,48,28,5,5.566072994269723,0.0
rl,ppo | LDPC-DiscreteMI-v0,48,28,6,4.8549997447151565,0.0
rl,ppo | LDPC-DiscreteMI-v0,48,28,7,5.289278675872303,0.0
rl,ppo | LDPC-DiscreteMI-v0,48,28,8,5.762796970042492,0.0
rl,ppo | LDPC-DiscreteMI-v0,48,28,9,0.0,0.0
rl,ppo | LDPC-DiscreteMI-v0,48,28,10,5.457859802030297,0.0
rl,ppo | LDPC-DiscreteMI-v0,48,28,11,6.380369202692517,0.0
rl,ppo | LDPC-DiscreteMI-v0,48,29,0,2.8403947746128986,0.0
rl,ppo | LDPC-DiscreteMI-v0,48,29,1,3.9316165531231975,0.0
rl,ppo | LDPC-DiscreteMI-v0,48,29,2,3.005980979398517,0.0
rl,ppo | LDPC-DiscreteMI-v0,48,29,3,3.8681641621632568,0.0
rl,ppo | LDPC-DiscreteMI-v0,48,29,4,4.8706008361861945,0.0
rl,ppo | LDPC-DiscreteMI-v0,48,29,5,5.566072994269723,0.0
rl,ppo | LDPC-DiscreteMI-v0,48,29,6,4.8549997447151565,0.0
rl,ppo | LDPC-DiscreteMI-v0,48,29,7,5.289278675872303,0.0
rl,ppo | LDPC-DiscreteMI-v0,48,29,8,5.762796970042492,0.0
rl,ppo | LDPC-DiscreteMI-v0,48,29,9,0.0,0.0
rl,ppo | LDPC-DiscreteMI-v0,48,29,10,5.457859802030297,0.0
rl,ppo | LDPC-DiscreteMI-v0,48,29,11,6.380369202692517,0.0
rl,ppo | LDPC-DiscreteMI-v0,48,30,0,2.8403947746128986,0.0
rl,ppo | LDPC-DiscreteMI-v0,48,30,1,3.9316165531231975,0.0
rl,ppo | LDPC-DiscreteMI-v0,48,30,2,3.005980979398517,0.0
rl,ppo | LDPC-DiscreteMI-v0,48,30,3,3.8681641621632568,0.0
rl,ppo | LDPC-DiscreteMI-v0,48,30,4,4.8706008361861945,0.0
rl,ppo | LDPC-DiscreteMI-v0,48,30,5,5.566072994269723,0.0
rl,ppo | LDPC-DiscreteMI-v0,48,30,6,4.8549997447151565,0.0
rl,ppo | LDPC-DiscreteMI-v0,48,30,7,5.289278675872303,0.0
rl,ppo | LDPC-DiscreteMI-v0,48,30,8,5.762796970042492,0.0
rl,ppo | LDPC-DiscreteMI-v0,48,30,9,0.0,0.0
rl,ppo | LDPC-DiscreteMI-v0,48,30,10,5.457859802030297,0.0
rl,ppo | LDPC-DiscreteMI-v0,48,30,11,6.380369202692517,0.0
rl,ppo | LDPC-DiscreteMI-v0,48,31,0,2.8403947746128986,0.0
rl,ppo | LDPC-DiscreteMI-v0,48,31,1,3.9316165531231975,0.0
rl,ppo | LDPC-DiscreteMI-v0,48,31,2,3.005980979398517,0.0
rl,ppo | LDPC-DiscreteMI-v0,48,31,3,3.8681641621632568,0.0
rl,ppo | LDPC-DiscreteMI-v0,48,31,4,4.8706008361861945,0.0
rl,ppo | LDPC-DiscreteMI-v0,48,31,5,5.566072994269723,0.0
rl,ppo | LDPC-DiscreteMI-v0,48,31,6,4.8549997447151565,0.0
rl,ppo | LDPC-DiscreteMI-v0,48,31,7,5.289278675872303,0.0
rl,ppo | LDPC-DiscreteMI-v0,48,31,8,5.762796970042492,0.0
rl,ppo | LDPC-DiscreteMI-v0,48,31,9,0.0,0.0
rl,ppo | LDPC-DiscreteMI-v0,48,31,10,5.457859802030297,0.0
rl,ppo | LDPC-DiscreteMI-v0,48,31,11,6.380369202692517,0.0
rl,ppo | LDPC-DiscreteMI-v0,48,32,0,2.8403947746128986,0.0
rl,ppo | LDPC-DiscreteMI-v0,48,32,1,3.9316165531231975,0.0
rl,ppo | LDPC-DiscreteMI-v0,48,32,2,3.005980979398517,0.0
rl,ppo | LDPC-DiscreteMI-v0,48,32,3,3.8681641621632568,0.0
rl,ppo | LDPC-DiscreteMI-v0,48,32,4,4.8706008361861945,0.0
rl,ppo | LDPC-DiscreteMI-v0,48,32,5,5.566072994269723,0.0
rl,ppo | LDPC-DiscreteMI-v0,48,32,6,4.8549997447151565,0.0
rl,ppo | LDPC-DiscreteMI-v0,48,32,7,5.289278675872303,0.0
rl,ppo | LDPC-DiscreteMI-v0,48,32,8,5.762796970042492,0.0
rl,ppo | LDPC-DiscreteMI-v0,48,32,9,0.0,0.0
rl,ppo | LDPC-DiscreteMI-v0,48,32,10,5.457859802030297,0.0
rl,ppo | LDPC-DiscreteMI-v0,48,32,11,6.380369202692517,0.0
rl,ppo | LDPC-DiscreteMI-v0,48,33,0,2.8403947746128986,0.0
rl,ppo | LDPC-DiscreteMI-v0,48,33,1,3.9316165531231975,0.0
rl,ppo | LDPC-DiscreteMI-v0,48,33,2,3.005980979398517,0.0
rl,ppo | LDPC-DiscreteMI-v0,48,33,3,3.8681641621632568,0.0
rl,ppo | LDPC-DiscreteMI-v0,48,33,4,4.8706008361861945,0.0
rl,ppo | LDPC-DiscreteMI-v0,48,33,5,5.566072994269723,0.0
rl,ppo | LDPC-DiscreteMI-v0,48,33,6,4.8549997447151565,0.0
rl,ppo | LDPC-DiscreteMI-v0,48,33,7,5.289278675872303,0.0
rl,ppo | LDPC-DiscreteMI-v0,48,33,8,5.762796970042492,0.0
rl,ppo | LDPC-DiscreteMI-v0,48,33,9,0.0,0.0
rl,ppo | LDPC-DiscreteMI-v0,48,33,10,5.457859802030297,0.0
rl,ppo | LDPC-DiscreteMI-v0,48,33,11,6.380369202692517,0.0
rl,ppo | LDPC-DiscreteMI-v0,48,34,0,2.8403947746128986,0.0
rl,ppo | LDPC-DiscreteMI-v0,48,34,1,3.9316165531231975,0.0
rl,ppo | LDPC-DiscreteMI-v0,48,34,2,3.005980979398517,0.0
rl,ppo | LDPC-DiscreteMI-v0,48,34,3,3.8681641621632568,0.0
rl,ppo | LDPC-DiscreteMI-v0,48,34,4,4.8706008361861945,0.0
rl,ppo | LDPC-DiscreteMI-v0,48,34,5,5.566072994269723,0.0
rl,ppo | LDPC-DiscreteMI-v0,48,34,6,4.8549997447151565,0.0
rl,ppo | LDPC-DiscreteMI-v0,48,34,7,5.289278675872303,0.0
rl,ppo | LDPC-DiscreteMI-v0,48,34,8,5.762796970042492,0.0
rl,ppo | LDPC-DiscreteMI-v0,48,34,9,0.0,0.0
rl,ppo | LDPC-DiscreteMI-v0,48,34,10,5.457859802030297,0.0
rl,ppo | LDPC-DiscreteMI-v0,48,34,11,6.380369202692517,0.0
rl,ppo | LDPC-DiscreteMI-v0,48,35,0,2.8403947746128986,0.0
rl,ppo | LDPC-DiscreteMI-v0,48,35,1,3.9316165531231975,0.0
rl,ppo | LDPC-DiscreteMI-v0,48,35,2,3.005980979398517,0.0
rl,ppo | LDPC-DiscreteMI-v0,48,35,3,3.8681641621632568,0.0
rl,ppo | LDPC-DiscreteMI-v0,48,35,4,4.8706008361861945,0.0
rl,ppo | LDPC-DiscreteMI-v0,48,35,5,5.566072994269723,0.0
rl,ppo | LDPC-DiscreteMI-v0,48,35,6,4.8549997447151565,0.0
rl,ppo | LDPC-DiscreteMI-v0,48,35,7,5.289278675872303,0.0
rl,ppo | LDPC-DiscreteMI-v0,48,35,8,5.762796970042492,0.0
rl,ppo | LDPC-DiscreteMI-v0,48,35,9,0.0,0.0
rl,ppo | LDPC-DiscreteMI-v0,48,35,10,5.457859802030297,0.0
rl,ppo | LDPC-DiscreteMI-v0,48,35,11,6.380369202692517,0.0
rl,ppo | LDPC-DiscreteMI-v0,48,36,0,2.8403947746128986,0.0
rl,ppo | LDPC-DiscreteMI-v0,48,36,1,3.9316165531231975,0.0
rl,ppo | LDPC-DiscreteMI-v0,48,36,2,3.005980979398517,0.0
rl,ppo | LDPC-DiscreteMI-v0,48,36,3,3.8681641621632568,0.0
rl,ppo | LDPC-DiscreteMI-v0,48,36,4,4.8706008361861945,0.0
rl,ppo | LDPC-DiscreteMI-v0,48,36,5,5.566072994269723,0.0
rl,ppo | LDPC-DiscreteMI-v0,48,36,6,4.8549997447151565,0.0
rl,ppo | LDPC-DiscreteMI-v0,48,36,7,5.289278675872303,0.0
rl,ppo | LDPC-DiscreteMI-v0,48,36,8,5.762796970042492,0.0
rl,ppo | LDPC-DiscreteMI-v0,48,36,9,0.0,0.0
rl,ppo | LDPC-DiscreteMI-v0,48,36,10,5.457859802030297,0.0
rl,ppo | LDPC-DiscreteMI-v0,48,36,11,6.380369202692517,0.0
rl,ppo | LDPC-DiscreteMI-v0,48,37,0,2.8403947746128986,0.0
rl,ppo | LDPC-DiscreteMI-v0,48,37,1,3.9316165531231975,0.0
rl,ppo | LDPC-DiscreteMI-v0,48,37,2,3.005980979398517,0.0
rl,ppo | LDPC-DiscreteMI-v0,48,37,3,3.8681641621632568,0.0
rl,ppo | LDPC-DiscreteMI-v0,48,37,4,4.8706008361861945,0.0
rl,ppo | LDPC-DiscreteMI-v0,48,37,5,5.566072994269723,0.0
rl,ppo | LDPC-DiscreteMI-v0,48,37,6,4.8549997447151565,0.0
rl,ppo | LDPC-DiscreteMI-v0,48,37,7,5.289278675872303,0.0
rl,ppo | LDPC-DiscreteMI-v0,48,37,8,5.762796970042492,0.0
rl,ppo | LDPC-DiscreteMI-v0,48,37,9,0.0,0.0
rl,ppo | LDPC-DiscreteMI-v0,48,37,10,5.457859802030297,0.0
rl,ppo | LDPC-DiscreteMI-v0,48,37,11,6.380369202692517,0.0
rl,ppo | LDPC-DiscreteMI-v0,48,38,0,2.8403947746128986,0.0
rl,ppo | LDPC-DiscreteMI-v0,48,38,1,3.9316165531231975,0.0
rl,ppo | LDPC-DiscreteMI-v0,48,38,2,3.005980979398517,0.0
rl,ppo | LDPC-DiscreteMI-v0,48,38,3,3.8681641621632568,0.0
rl,ppo | LDPC-DiscreteMI-v0,48,38,4,4.8706008361861945,0.0
rl,ppo | LDPC-DiscreteMI-v0,48,38,5,5.566072994269723,0.0
rl,ppo | LDPC-DiscreteMI-v0,48,38,6,4.8549997447151565,0.0
rl,ppo | LDPC-DiscreteMI-v0,48,38,7,5.289278675872303,0.0
rl,ppo | LDPC-DiscreteMI-v0,48,38,8,5.762796970042492,0.0
rl,ppo | LDPC-DiscreteMI-v0,48,38,9,0.0,0.0
rl,ppo | LDPC-DiscreteMI-v0,48,38,10,5.457859802030297,0.0
rl,ppo | LDPC-DiscreteMI-v0,48,38,11,6.380369202692517,0.0
rl,ppo | LDPC-DiscreteMI-v0,48,39,0,2.8403947746128986,0.0
rl,ppo | LDPC-DiscreteMI-v0,48,39,1,3.9316165531231975,0.0
rl,ppo | LDPC-DiscreteMI-v0,48,39,2,3.005980979398517,0.0
rl,ppo | LDPC-DiscreteMI-v0,48,39,3,3.8681641621632568,0.0
rl,ppo | LDPC-DiscreteMI-v0,48,39,4,4.8706008361861945,0.0
rl,ppo | LDPC-DiscreteMI-v0,48,39,5,5.566072994269723,0.0
rl,ppo | LDPC-DiscreteMI-v0,48,39,6,4.8549997447151565,0.0
rl,ppo | LDPC-DiscreteMI-v0,48,39,7,5.289278675872303,0.0
rl,ppo | LDPC-DiscreteMI-v0,48,39,8,5.762796970042492,0.0
rl,ppo | LDPC-DiscreteMI-v0,48,39,9,0.0,0.0
rl,ppo | LDPC-DiscreteMI-v0,48,39,10,5.457859802030297,0.0
rl,ppo | LDPC-DiscreteMI-v0,48,39,11,6.380369202692517,0.0
rl,ppo | LDPC-DiscreteMI-v0,48,40,0,2.8403947746128986,0.0
rl,ppo | LDPC-DiscreteMI-v0,48,40,1,3.9316165531231975,0.0
rl,ppo | LDPC-DiscreteMI-v0,48,40,2,3.005980979398517,0.0
rl,ppo | LDPC-DiscreteMI-v0,48,40,3,3.8681641621632568,0.0
rl,ppo | LDPC-DiscreteMI-v0,48,40,4,4.8706008361861945,0.0
rl,ppo | LDPC-DiscreteMI-v0,48,40,5,5.566072994269723,0.0
rl,ppo | LDPC-DiscreteMI-v0,48,40,6,4.8549997447151565,0.0
rl,ppo | LDPC-DiscreteMI-v0,48,40,7,5.289278675872303,0.0
rl,ppo | LDPC-DiscreteMI-v0,48,40,8,5.762796970042492,0.0
rl,ppo | LDPC-DiscreteMI-v0,48,40,9,0.0,0.0
rl,ppo | LDPC-DiscreteMI-v0,48,40,10,5.457859802030297,0.0
rl,ppo | LDPC-DiscreteMI-v0,48,40,11,6.380369202692517,0.0
rl,ppo | LDPC-DiscreteMI-v0,48,41,0,2.8403947746128986,0.0
rl,ppo | LDPC-DiscreteMI-v0,48,41,1,3.9316165531231975,0.0
rl,ppo | LDPC-DiscreteMI-v0,48,41,2,3.005980979398517,0.0
rl,ppo | LDPC-DiscreteMI-v0,48,41,3,3.8681641621632568,0.0
rl,ppo | LDPC-DiscreteMI-v0,48,41,4,4.8706008361861945,0.0
rl,ppo | LDPC-DiscreteMI-v0,48,41,5,5.566072994269723,0.0
rl,ppo | LDPC-DiscreteMI-v0,48,41,6,4.8549997447151565,0.0
rl,ppo | LDPC-DiscreteMI-v0,48,41,7,5.289278675872303,0.0
rl,ppo | LDPC-DiscreteMI-v0,48,41,8,5.762796970042492,0.0
rl,ppo | LDPC-DiscreteMI-v0,48,41,9,0.0,0.0
rl,ppo | LDPC-DiscreteMI-v0,48,41,10,5.457859802030297,0.0
rl,ppo | LDPC-DiscreteMI-v0,48,41,11,6.380369202692517,0.0
rl,ppo | LDPC-DiscreteMI-v0,48,42,0,2.8403947746128986,0.0
rl,ppo | LDPC-DiscreteMI-v0,48,42,1,3.9316165531231975,0.0
rl,ppo | LDPC-DiscreteMI-v0,48,42,2,3.005980979398517,0.0
rl,ppo | LDPC-DiscreteMI-v0,48,42,3,3.8681641621632568,0.0
rl,ppo | LDPC-DiscreteMI-v0,48,42,4,4.8706008361861945,0.0
rl,ppo | LDPC-DiscreteMI-v0,48,42,5,5.566072994269723,0.0
rl,ppo | LDPC-DiscreteMI-v0,48,42,6,4.8549997447151565,0.0
rl,ppo | LDPC-DiscreteMI-v0,48,42,7,5.289278675872303,0.0
rl,ppo | LDPC-DiscreteMI-v0,48,42,8,5.762796970042492,0.0
rl,ppo | LDPC-DiscreteMI-v0,48,42,9,0.0,0.0
rl,ppo | LDPC-DiscreteMI-v0,48,42,10,5.457859802030297,0.0
rl,ppo | LDPC-DiscreteMI-v0,48,42,11,6.380369202692517,0.0
rl,ppo | LDPC-DiscreteMI-v0,48,43,0,2.8403947746128986,0.0
rl,ppo | LDPC-DiscreteMI-v0,48,43,1,3.9316165531231975,0.0
rl,ppo | LDPC-DiscreteMI-v0,48,43,2,3.005980979398517,0.0
rl,ppo | LDPC-DiscreteMI-v0,48,43,3,3.8681641621632568,0.0
rl,ppo | LDPC-DiscreteMI-v0,48,43,4,4.8706008361861945,0.0
rl,ppo | LDPC-DiscreteMI-v0,48,43,5,5.566072994269723,0.0
rl,ppo | LDPC-DiscreteMI-v0,48,43,6,4.8549997447151565,0.0
rl,ppo | LDPC-DiscreteMI-v0,48,43,7,5.289278675872303,0.0
rl,ppo | LDPC-DiscreteMI-v0,48,43,8,5.762796970042492,0.0
rl,ppo | LDPC-DiscreteMI-v0,48,43,9,0.0,0.0
rl,ppo | LDPC-DiscreteMI-v0,48,43,10,5.457859802030297,0.0
rl,ppo | LDPC-DiscreteMI-v0,48,43,11,6.380369202692517,0.0
rl,ppo | LDPC-DiscreteMI-v0,48,44,0,2.8403947746128986,0.0
rl,ppo | LDPC-DiscreteMI-v0,48,44,1,3.9316165531231975,0.0
rl,ppo | LDPC-DiscreteMI-v0,48,44,2,3.005980979398517,0.0
rl,ppo | LDPC-DiscreteMI-v0,48,44,3,3.8681641621632568,0.0
rl,ppo | LDPC-DiscreteMI-v0,48,44,4,4.8706008361861945,0.0
rl,ppo | LDPC-DiscreteMI-v0,48,44,5,5.566072994269723,0.0
rl,ppo | LDPC-DiscreteMI-v0,48,44,6,4.8549997447151565,0.0
rl,ppo | LDPC-DiscreteMI-v0,48,44,7,5.289278675872303,0.0
rl,ppo | LDPC-DiscreteMI-v0,48,44,8,5.762796970042492,0.0
rl,ppo | LDPC-DiscreteMI-v0,48,44,9,0.0,0.0
rl,ppo | LDPC-DiscreteMI-v0,48,44,10,5.457859802030297,0.0
rl,ppo | LDPC-DiscreteMI-v0,48,44,11,6.380369202692517,0.0
rl,ppo | LDPC-DiscreteMI-v0,48,45,0,2.8403947746128986,0.0
rl,ppo | LDPC-DiscreteMI-v0,48,45,1,3.9316165531231975,0.0
rl,ppo | LDPC-DiscreteMI-v0,48,45,2,3.005980979398517,0.0
rl,ppo | LDPC-DiscreteMI-v0,48,45,3,3.8681641621632568,0.0
rl,ppo | LDPC-DiscreteMI-v0,48,45,4,4.8706008361861945,0.0
rl,ppo | LDPC-DiscreteMI-v0,48,45,5,5.566072994269723,0.0
rl,ppo | LDPC-DiscreteMI-v0,48,45,6,4.8549997447151565,0.0
rl,ppo | LDPC-DiscreteMI-v0,48,45,7,5.289278675872303,0.0
rl,ppo | LDPC-DiscreteMI-v0,48,45,8,5.762796970042492,0.0
rl,ppo | LDPC-DiscreteMI-v0,48,45,9,0.0,0.0
rl,ppo | LDPC-DiscreteMI-v0,48,45,10,5.457859802030297,0.0
rl,ppo | LDPC-DiscreteMI-v0,48,45,11,6.380369202692517,0.0
rl,ppo | LDPC-DiscreteMI-v0,48,46,0,2.8403947746128986,0.0
rl,ppo | LDPC-DiscreteMI-v0,48,46,1,3.9316165531231975,0.0
rl,ppo | LDPC-DiscreteMI-v0,48,46,2,3.005980979398517,0.0
rl,ppo | LDPC-DiscreteMI-v0,48,46,3,3.8681641621632568,0.0
rl,ppo | LDPC-DiscreteMI-v0,48,46,4,4.8706008361861945,0.0
rl,ppo | LDPC-DiscreteMI-v0,48,46,5,5.566072994269723,0.0
rl,ppo | LDPC-DiscreteMI-v0,48,46,6,4.8549997447151565,0.0
rl,ppo | LDPC-DiscreteMI-v0,48,46,7,5.289278675872303,0.0
rl,ppo | LDPC-DiscreteMI-v0,48,46,8,5.762796970042492,0.0
rl,ppo | LDPC-DiscreteMI-v0,48,46,9,0.0,0.0
rl,ppo | LDPC-DiscreteMI-v0,48,46,10,5.457859802030297,0.0
rl,ppo | LDPC-DiscreteMI-v0,48,46,11,6.380369202692517,0.0
rl,ppo | LDPC-DiscreteMI-v0,48,47,0,2.8403947746128986,0.0
rl,ppo | LDPC-DiscreteMI-v0,48,47,1,3.9316165531231975,0.0
rl,ppo | LDPC-DiscreteMI-v0,48,47,2,3.005980979398517,0.0
rl,ppo | LDPC-DiscreteMI-v0,48,47,3,3.8681641621632568,0.0
rl,ppo | LDPC-DiscreteMI-v0,48,47,4,4.8706008361861945,0.0
rl,ppo | LDPC-DiscreteMI-v0,48,47,5,5.566072994269723,0.0
rl,ppo | LDPC-DiscreteMI-v0,48,47,6,4.8549997447151565,0.0
rl,ppo | LDPC-DiscreteMI-v0,48,47,7,5.289278675872303,0.0
rl,ppo | LDPC-DiscreteMI-v0,48,47,8,5.762796970042492,0.0
rl,ppo | LDPC-DiscreteMI-v0,48,47,9,0.0,0.0
rl,ppo | LDPC-DiscreteMI-v0,48,47,10,5.457859802030297,0.0
rl,ppo | LDPC-DiscreteMI-v0,48,47,11,6.380369202692517,0.0
rl,ppo | LDPC-DiscreteMI-v0,48,48,0,2.8403947746128986,0.0
rl,ppo | LDPC-DiscreteMI-v0,48,48,1,3.9316165531231975,0.0
rl,ppo | LDPC-DiscreteMI-v0,48,48,2,3.005980979398517,0.0
rl,ppo | LDPC-DiscreteMI-v0,48,48,3,3.8681641621632568,0.0
rl,ppo | LDPC-DiscreteMI-v0,48,48,4,4.8706008361861945,0.0
rl,ppo | LDPC-DiscreteMI-v0,48,48,5,5.566072994269723,0.0
rl,ppo | LDPC-DiscreteMI-v0,48,48,6,4.8549997447151565,0.0
rl,ppo | LDPC-DiscreteMI-v0,48,48,7,5.289278675872303,0.0
rl,ppo | LDPC-DiscreteMI-v0,48,48,8,5.762796970042492,0.0
rl,ppo | LDPC-DiscreteMI-v0,48,48,9,0.0,0.0
rl,ppo | LDPC-DiscreteMI-v0,48,48,10,5.457859802030297,0.0
rl,ppo | LDPC-DiscreteMI-v0,48,48,11,6.380369202692517,0.0
rl,ppo | LDPC-DiscreteMI-v0,48,49,0,2.8403947746128986,0.0
rl,ppo | LDPC-DiscreteMI-v0,48,49,1,3.9316165531231975,0.0
rl,ppo | LDPC-DiscreteMI-v0,48,49,2,3.005980979398517,0.0
rl,ppo | LDPC-DiscreteMI-v0,48,49,3,3.8681641621632568,0.0
rl,ppo | LDPC-DiscreteMI-v0,48,49,4,4.8706008361861945,0.0
rl,ppo | LDPC-DiscreteMI-v0,48,49,5,5.566072994269723,0.0
rl,ppo | LDPC-DiscreteMI-v0,48,49,6,4.8549997447151565,0.0
rl,ppo | LDPC-DiscreteMI-v0,48,49,7,5.289278675872303,0.0
rl,ppo | LDPC-DiscreteMI-v0,48,49,8,5.762796970042492,0.0
rl,ppo | LDPC-DiscreteMI-v0,48,49,9,0.0,0.0
rl,ppo | LDPC-DiscreteMI-v0,48,49,10,5.457859802030297,0.0
rl,ppo | LDPC-DiscreteMI-v0,48,49,11,6.380369202692517,0.0
rl,ppo | LDPC-DiscreteMI-v0,48,50,0,2.8403947746128986,0.0
rl,ppo | LDPC-DiscreteMI-v0,48,50,1,3.9316165531231975,0.0
rl,ppo | LDPC-DiscreteMI-v0,48,50,2,3.005980979398517,0.0
rl,ppo | LDPC-DiscreteMI-v0,48,50,3,3.8681641621632568,0.0
rl,ppo | LDPC-DiscreteMI-v0,48,50,4,4.8706008361861945,0.0
rl,ppo | LDPC-DiscreteMI-v0,48,50,5,5.566072994269723,0.0
rl,ppo | LDPC-DiscreteMI-v0,48,50,6,4.8549997447151565,0.0
rl,ppo | LDPC-DiscreteMI-v0,48,50,7,5.289278675872303,0.0
rl,ppo | LDPC-DiscreteMI-v0,48,50,8,5.762796970042492,0.0
rl,ppo | LDPC-DiscreteMI-v0,48,50,9,0.0,0.0
rl,ppo | LDPC-DiscreteMI-v0,48,50,10,5.457859802030297,0.0
rl,ppo | LDPC-DiscreteMI-v0,48,50,11,6.380369202692517,0.0
rl,ppo | LDPC-DiscreteMI-v0,48,51,0,2.8403947746128986,0.0
rl,ppo | LDPC-DiscreteMI-v0,48,51,1,3.9316165531231975,0.0
rl,ppo | LDPC-DiscreteMI-v0,48,51,2,3.005980979398517,0.0
rl,ppo | LDPC-DiscreteMI-v0,48,51,3,3.8681641621632568,0.0
rl,ppo | LDPC-DiscreteMI-v0,48,51,4,4.8706008361861945,0.0
rl,ppo | LDPC-DiscreteMI-v0,48,51,5,5.566072994269723,0.0
rl,ppo | LDPC-DiscreteMI-v0,48,51,6,4.8549997447151565,0.0
rl,ppo | LDPC-DiscreteMI-v0,48,51,7,5.289278675872303,0.0
rl,ppo | LDPC-DiscreteMI-v0,48,51,8,5.762796970042492,0.0
rl,ppo | LDPC-DiscreteMI-v0,48,51,9,0.0,0.0
rl,ppo | LDPC-DiscreteMI-v0,48,51,10,5.457859802030297,0.0
rl,ppo | LDPC-DiscreteMI-v0,48,51,11,6.380369202692517,0.0
rl,ppo | LDPC-DiscreteMI-v0,48,52,0,2.8403947746128986,0.0
rl,ppo | LDPC-DiscreteMI-v0,48,52,1,3.9316165531231975,0.0
rl,ppo | LDPC-DiscreteMI-v0,48,52,2,3.005980979398517,0.0
rl,ppo | LDPC-DiscreteMI-v0,48,52,3,3.8681641621632568,0.0
rl,ppo | LDPC-DiscreteMI-v0,48,52,4,4.8706008361861945,0.0
rl,ppo | LDPC-DiscreteMI-v0,48,52,5,5.566072994269723,0.0
rl,ppo | LDPC-DiscreteMI-v0,48,52,6,4.8549997447151565,0.0
rl,ppo | LDPC-DiscreteMI-v0,48,52,7,5.289278675872303,0.0
rl,ppo | LDPC-DiscreteMI-v0,48,52,8,5.762796970042492,0.0
rl,ppo | LDPC-DiscreteMI-v0,48,52,9,0.0,0.0
rl,ppo | LDPC-DiscreteMI-v0,48,52,10,5.457859802030297,0.0
rl,ppo | LDPC-DiscreteMI-v0,48,52,11,6.380369202692517,0.0
rl,ppo | LDPC-DiscreteMI-v0,48,53,0,2.8403947746128986,0.0
rl,ppo | LDPC-DiscreteMI-v0,48,53,1,3.9316165531231975,0.0
rl,ppo | LDPC-DiscreteMI-v0,48,53,2,3.005980979398517,0.0
rl,ppo | LDPC-DiscreteMI-v0,48,53,3,3.8681641621632568,0.0
rl,ppo | LDPC-DiscreteMI-v0,48,53,4,4.8706008361861945,0.0
rl,ppo | LDPC-DiscreteMI-v0,48,53,5,5.566072994269723,0.0
rl,ppo | LDPC-DiscreteMI-v0,48,53,6,4.8549997447151565,0.0
rl,ppo | LDPC-DiscreteMI-v0,48,53,7,5.289278675872303,0.0
rl,ppo | LDPC-DiscreteMI-v0,48,53,8,5.762796970042492,0.0
rl,ppo | LDPC-DiscreteMI-v0,48,53,9,0.0,0.0
rl,ppo | LDPC-DiscreteMI-v0,48,53,10,5.457859802030297,0.0
rl,ppo | LDPC-DiscreteMI-v0,48,53,11,6.380369202692517,0.0
rl,ppo | LDPC-DiscreteMI-v0,48,54,0,2.8403947746128986,0.0
rl,ppo | LDPC-DiscreteMI-v0,48,54,1,3.9316165531231975,0.0
rl,ppo | LDPC-DiscreteMI-v0,48,54,2,3.005980979398517,0.0
rl,ppo | LDPC-DiscreteMI-v0,48,54,3,3.8681641621632568,0.0
rl,ppo | LDPC-DiscreteMI-v0,48,54,4,4.8706008361861945,0.0
rl,ppo | LDPC-DiscreteMI-v0,48,54,5,5.566072994269723,0.0
rl,ppo | LDPC-DiscreteMI-v0,48,54,6,4.8549997447151565,0.0
rl,ppo | LDPC-DiscreteMI-v0,48,54,7,5.289278675872303,0.0
rl,ppo | LDPC-DiscreteMI-v0,48,54,8,5.762796970042492,0.0
rl,ppo | LDPC-DiscreteMI-v0,48,54,9,0.0,0.0
rl,ppo | LDPC-DiscreteMI-v0,48,54,10,5.457859802030297,0.0
rl,ppo | LDPC-DiscreteMI-v0,48,54,11,6.380369202692517,0.0
rl,ppo | LDPC-DiscreteMI-v0,48,55,0,2.8403947746128986,0.0
rl,ppo | LDPC-DiscreteMI-v0,48,55,1,3.9316165531231975,0.0
rl,ppo | LDPC-DiscreteMI-v0,48,55,2,3.005980979398517,0.0
rl,ppo | LDPC-DiscreteMI-v0,48,55,3,3.8681641621632568,0.0
rl,ppo | LDPC-DiscreteMI-v0,48,55,4,4.8706008361861945,0.0
rl,ppo | LDPC-DiscreteMI-v0,48,55,5,5.566072994269723,0.0
rl,ppo | LDPC-DiscreteMI-v0,48,55,6,4.8549997447151565,0.0
rl,ppo | LDPC-DiscreteMI-v0,48,55,7,5.289278675872303,0.0
rl,ppo | LDPC-DiscreteMI-v0,48,55,8,5.762796970042492,0.0
rl,ppo | LDPC-DiscreteMI-v0,48,55,9,0.0,0.0
rl,ppo | LDPC-DiscreteMI-v0,48,55,10,5.457859802030297,0.0
rl,ppo | LDPC-DiscreteMI-v0,48,55,11,6.380369202692517,0.0
rl,ppo | LDPC-DiscreteMI-v0,48,56,0,2.8403947746128986,0.0
rl,ppo | LDPC-DiscreteMI-v0,48,56,1,3.9316165531231975,0.0
rl,ppo | LDPC-DiscreteMI-v0,48,56,2,3.005980979398517,0.0
rl,ppo | LDPC-DiscreteMI-v0,48,56,3,3.8681641621632568,0.0
rl,ppo | LDPC-DiscreteMI-v0,48,56,4,4.8706008361861945,0.0
rl,ppo | LDPC-DiscreteMI-v0,48,56,5,5.566072994269723,0.0
rl,ppo | LDPC-DiscreteMI-v0,48,56,6,4.8549997447151565,0.0
rl,ppo | LDPC-DiscreteMI-v0,48,56,7,5.289278675872303,0.0
rl,ppo | LDPC-DiscreteMI-v0,48,56,8,5.762796970042492,0.0
rl,ppo | LDPC-DiscreteMI-v0,48,56,9,0.0,0.0
rl,ppo | LDPC-DiscreteMI-v0,48,56,10,5.457859802030297,0.0
rl,ppo | LDPC-DiscreteMI-v0,48,56,11,6.380369202692517,0.0
rl,ppo | LDPC-DiscreteMI-v0,48,57,0,2.8403947746128986,0.0
rl,ppo | LDPC-DiscreteMI-v0,48,57,1,3.9316165531231975,0.0
rl,ppo | LDPC-DiscreteMI-v0,48,57,2,3.005980979398517,0.0
rl,ppo | LDPC-DiscreteMI-v0,48,57,3,3.8681641621632568,0.0
rl,ppo | LDPC-DiscreteMI-v0,48,57,4,4.8706008361861945,0.0
rl,ppo | LDPC-DiscreteMI-v0,48,57,5,5.566072994269723,0.0
rl,ppo | LDPC-DiscreteMI-v0,48,57,6,4.8549997447151565,0.0
rl,ppo | LDPC-DiscreteMI-v0,48,57,7,5.289278675872303,0.0
rl,ppo | LDPC-DiscreteMI-v0,48,57,8,5.762796970042492,0.0
rl,ppo | LDPC-DiscreteMI-v0,48,57,9,0.0,0.0
rl,ppo | LDPC-DiscreteMI-v0,48,57,10,5.457859802030297,0.0
rl,ppo | LDPC-DiscreteMI-v0,48,57,11,6.380369202692517,0.0
rl,ppo | LDPC-DiscreteMI-v0,48,58,0,2.8403947746128986,0.0
rl,ppo | LDPC-DiscreteMI-v0,48,58,1,3.9316165531231975,0.0
rl,ppo | LDPC-DiscreteMI-v0,48,58,2,3.005980979398517,0.0
rl,ppo | LDPC-DiscreteMI-v0,48,58,3,3.8681641621632568,0.0
rl,ppo | LDPC-DiscreteMI-v0,48,58,4,4.8706008361861945,0.0
rl,ppo | LDPC-DiscreteMI-v0,48,58,5,5.566072994269723,0.0
rl,ppo | LDPC-DiscreteMI-v0,48,58,6,4.8549997447151565,0.0
rl,ppo | LDPC-DiscreteMI-v0,48,58,7,5.289278675872303,0.0
rl,ppo | LDPC-DiscreteMI-v0,48,58,8,5.762796970042492,0.0
rl,ppo | LDPC-DiscreteMI-v0,48,58,9,0.0,0.0
rl,ppo | LDPC-DiscreteMI-v0,48,58,10,5.457859802030297,0.0
rl,ppo | LDPC-DiscreteMI-v0,48,58,11,6.380369202692517,0.0
rl,ppo | LDPC-DiscreteMI-v0,48,59,0,2.8403947746128986,0.0
rl,ppo | LDPC-DiscreteMI-v0,48,59,1,3.9316165531231975,0.0
rl,ppo | LDPC-DiscreteMI-v0,48,59,2,3.005980979398517,0.0
rl,ppo | LDPC-DiscreteMI-v0,48,59,3,3.8681641621632568,0.0
rl,ppo | LDPC-DiscreteMI-v0,48,59,4,4.8706008361861945,0.0
rl,ppo | LDPC-DiscreteMI-v0,48,59,5,5.566072994269723,0.0
rl,ppo | LDPC-DiscreteMI-v0,48,59,6,4.8549997447151565,0.0
rl,ppo | LDPC-DiscreteMI-v0,48,59,7,5.289278675872303,0.0
rl,ppo | LDPC-DiscreteMI-v0,48,59,8,5.762796970042492,0.0
rl,ppo | LDPC-DiscreteMI-v0,48,59,9,0.0,0.0
rl,ppo | LDPC-DiscreteMI-v0,48,59,10,5.457859802030297,0.0
rl,ppo | LDPC-DiscreteMI-v0,48,59,11,6.380369202692517,0.0
rl,ppo | LDPC-DiscreteMI-v0,48,60,0,2.8403947746128986,0.0
rl,ppo | LDPC-DiscreteMI-v0,48,60,1,3.9316165531231975,0.0
rl,ppo | LDPC-DiscreteMI-v0,48,60,2,3.005980979398517,0.0
rl,ppo | LDPC-DiscreteMI-v0,48,60,3,3.8681641621632568,0.0
rl,ppo | LDPC-DiscreteMI-v0,48,60,4,4.8706008361861945,0.0
rl,ppo | LDPC-DiscreteMI-v0,48,60,5,5.566072994269723,0.0
rl,ppo | LDPC-DiscreteMI-v0,48,60,6,4.8549997447151565,0.0
rl,ppo | LDPC-DiscreteMI-v0,48,60,7,5.289278675872303,0.0
rl,ppo | LDPC-DiscreteMI-v0,48,60,8,5.762796970042492,0.0
rl,ppo | LDPC-DiscreteMI-v0,48,60,9,0.0,0.0
rl,ppo | LDPC-DiscreteMI-v0,48,60,10,5.457859802030297,0.0
rl,ppo | LDPC-DiscreteMI-v0,48,60,11,6.380369202692517,0.0
