source,mode,cluster_size,iteration,cluster_id,avg_abs_llr,snr_db
rl,ppo | LDPC-DiscreteResidual-v0,48,0,0,4.079620166278043,0.0
rl,ppo | LDPC-DiscreteResidual-v0,48,0,1,4.02972396966719,0.0
rl,ppo | LDPC-DiscreteResidual-v0,48,0,2,3.941213193622399,0.0
rl,ppo | LDPC-DiscreteResidual-v0,48,0,3,4.058569934134015,0.0
rl,ppo | LDPC-DiscreteResidual-v0,48,0,4,4.152471586594315,0.0
rl,ppo | LDPC-DiscreteResidual-v0,48,0,5,4.140502960800514,0.0
rl,ppo | LDPC-DiscreteResidual-v0,48,0,6,4.192248325306517,0.0
rl,ppo | LDPC-DiscreteResidual-v0,48,0,7,3.905546019835167,0.0
rl,ppo | LDPC-DiscreteResidual-v0,48,0,8,3.9502630359450297,0.0
rl,ppo | LDPC-DiscreteResidual-v0,48,0,9,4.2032150377022255,0.0
rl,ppo | LDPC-DiscreteResidual-v0,48,0,10,3.9347146771809363,0.0
rl,ppo | LDPC-DiscreteResidual-v0,48,0,11,4.336777075744985,0.0
rl,ppo | LDPC-DiscreteResidual-v0,48,1,0,4.332440368745479,0.0
rl,ppo | LDPC-DiscreteResidual-v0,48,1,1,4.24608393784969,0.0
rl,ppo | LDPC-DiscreteResidual-v0,48,1,2,4.035122279627402,0.0
rl,ppo | LDPC-DiscreteResidual-v0,48,1,3,4.274589181701081,0.0
rl,ppo | LDPC-DiscreteResidual-v0,48,1,4,4.277683701267653,0.0
rl,ppo | LDPC-DiscreteResidual-v0,48,1,5,4.29075749840852,0.0
rl,ppo | LDPC-DiscreteResidual-v0,48,1,6,4.494675271900407,0.0
rl,ppo | LDPC-DiscreteResidual-v0,48,1,7,4.762762835787541,0.0
rl,ppo | LDPC-DiscreteResidual-v0,48,1,8,4.25316699140053,0.0
rl,ppo | LDPC-DiscreteResidual-v0,48,1,9,4.353469575310231,0.0
rl,ppo | LDPC-DiscreteResidual-v0,48,1,10,4.122532849190943,0.0
rl,ppo | LDPC-DiscreteResidual-v0,48,1,11,4.524595247754992,0.0
rl,ppo | LDPC-DiscreteResidual-v0,48,2,0,4.332440368745479,0.0
rl,ppo | LDPC-DiscreteResidual-v0,48,2,1,4.24608393784969,0.0
rl,ppo | LDPC-DiscreteResidual-v0,48,2,2,4.035122279627402,0.0
rl,ppo | LDPC-DiscreteResidual-v0,48,2,3,4.274589181701081,0.0
rl,ppo | LDPC-DiscreteResidual-v0,48,2,4,4.277683701267653,0.0
rl,ppo | LDPC-DiscreteResidual-v0,48,2,5,4.29075749840852,0.0
rl,ppo | LDPC-DiscreteResidual-v0,48,2,6,4.494675271900407,0.0
rl,ppo | LDPC-DiscreteResidual-v0,48,2,7,4.762762835787541,0.0
rl,ppo | LDPC-DiscreteResidual-v0,48,2,8,4.25316699140053,0.0
rl,ppo | LDPC-DiscreteResidual-v0,48,2,9,4.353469575310231,0.0
rl,ppo | LDPC-DiscreteResidual-v0,48,2,10,4.122532849190943,0.0
rl,ppo | LDPC-DiscreteResidual-v0,48,2,11,4.524595247754992,0.0
rl,ppo | LDPC-DiscreteResidual-v0,48,3,0,4.332440368745479,0.0
rl,ppo | LDPC-DiscreteResidual-v0,48,3,1,4.24608393784969,0.0
rl,ppo | LDPC-DiscreteResidual-v0,48,3,2,4.035122279627402,0.0
rl,ppo | LDPC-DiscreteResidual-v0,48,3,3,4.274589181701081,0.0
rl,ppo | LDPC-DiscreteResidual-v0,48,3,4,4.277683701267653,0.0
rl,ppo | LDPC-DiscreteResidual-v0,48,3,5,4.29075749840852,0.0
rl,ppo | LDPC-DiscreteResidual-v0,48,3,6,4.494675271900407,0.0
rl,ppo | LDPC-DiscreteResidual-v0,48,3,7,4.762762835787541,0.0
rl,ppo | LDPC-DiscreteResidual-v0,48,3,8,4.25316699140053,0.0
rl,ppo | LDPC-DiscreteResidual-v0,48,3,9,4.353469575310231,0.0
rl,ppo | LDPC-DiscreteResidual-v0,48,3,10,4.122532849190943,0.0
rl,ppo | LDPC-DiscreteResidual-v0,48,3,11,4.524595247754992,0.0
rl,ppo | LDPC-DiscreteResidual-v0,48,4,0,4.332440368745479,0.0
rl,ppo | LDPC-DiscreteResidual-v0,48,4,1,4.24608393784969,0.0
rl,ppo | LDPC-DiscreteResidual-v0,48,4,2,4.035122279627402,0.0
rl,ppo | LDPC-DiscreteResidual-v0,48,4,3,4.274589181701081,0.0
rl,ppo | LDPC-DiscreteResidual-v0,48,4,4,4.277683701267653,0.0
rl,ppo | LDPC-DiscreteResidual-v0,48,4,5,4.29075749840852,0.0
rl,ppo | LDPC-DiscreteResidual-v0,48,4,6,4.494675271900407,0.0
rl,ppo | LDPC-DiscreteResidual-v0,48,4,7,4.762762835787541,0.0
rl,ppo | LDPC-DiscreteResidual-v0,48,4,8,4.25316699140053,0.0
rl,ppo | LDPC-DiscreteResidual-v0,48,4,9,4.353469575310231,0.0
rl,ppo | LDPC-DiscreteResidual-v0,48,4,10,4.122532849190943,0.0
rl,ppo | LDPC-DiscreteResidual-v0,48,4,11,4.524595247754992,0.0
rl,ppo | LDPC-DiscreteResidual-v0,48,5,0,4.332440368745479,0.0
rl,ppo | LDPC-DiscreteResidual-v0,48,5,1,4.24608393784969,0.0
rl,ppo | LDPC-DiscreteResidual-v0,48,5,2,4.035122279627402,0.0
rl,ppo | LDPC-DiscreteResidual-v0,48,5,3,4.274589181701081,0.0
rl,ppo | LDPC-DiscreteResidual-v0,48,5,4,4.277683701267653,0.0
rl,ppo | LDPC-DiscreteResidual-v0,48,5,5,4.29075749840852,0.0
rl,ppo | LDPC-DiscreteResidual-v0,48,5,6,4.494675271900407,0.0
rl,ppo | LDPC-DiscreteResidual-v0,48,5,7,4.762762835787541,0.0
rl,ppo | LDPC-DiscreteResidual-v0,48,5,8,4.25316699140053,0.0
rl,ppo | LDPC-DiscreteResidual-v0,48,5,9,4.353469575310231,0.0
rl,ppo | LDPC-DiscreteResidual-v0,48,5,10,4.122532849190943,0.0
rl,ppo | LDPC-DiscreteResidual-v0,48,5,11,4.524595247754992,0.0
rl,ppo | LDPC-DiscreteResidual-v0,48,6,0,4.332440368745479,0.0
rl,ppo | LDPC-DiscreteResidual-v0,48,6,1,4.24608393784969,0.0
rl,ppo | LDPC-DiscreteResidual-v0,48,6,2,4.035122279627402,0.0
rl,ppo | LDPC-DiscreteResidual-v0,48,6,3,4.274589181701081,0.0
rl,ppo | LDPC-DiscreteResidual-v0,48,6,4,4.277683701267653,0.0
rl,ppo | LDPC-DiscreteResidual-v0,48,6,5,4.29075749840852,0.0
rl,ppo | LDPC-DiscreteResidual-v0,48,6,6,4.494675271900407,0.0
rl,ppo | LDPC-DiscreteResidual-v0,48,6,7,4.762762835787541,0.0
rl,ppo | LDPC-DiscreteResidual-v0,48,6,8,4.25316699140053,0.0
rl,ppo | LDPC-DiscreteResidual-v0,48,6,9,4.353469575310231,0.0
rl,ppo | LDPC-DiscreteResidual-v0,48,6,10,4.122532849190943,0.0
rl,ppo | LDPC-DiscreteResidual-v0,48,6,11,4.524595247754992,0.0
rl,ppo | LDPC-DiscreteResidual-v0,48,7,0,4.332440368745479,0.0
rl,ppo | LDPC-DiscreteResidual-v0,48,7,1,4.24608393784969,0.0
rl,ppo | LDPC-DiscreteResidual-v0,48,7,2,4.035122279627402,0.0
rl,ppo | LDPC-DiscreteResidual-v0,48,7,3,4.274589181701081,0.0
rl,ppo | LDPC-DiscreteResidual-v0,48,7,4,4.277683701267653,0.0
rl,ppo | LDPC-DiscreteResidual-v0,48,7,5,4.29075749840852,0.0
rl,ppo | LDPC-DiscreteResidual-v0,48,7,6,4.494675271900407,0.0
rl,ppo | LDPC-DiscreteResidual-v0,48,7,7,4.762762835787541,0.0
rl,ppo | LDPC-DiscreteResidual-v0,48,7,8,4.25316699140053,0.0
rl,ppo | LDPC-DiscreteResidual-v0,48,7,9,4.353469575310231,0.0
rl,ppo | LDPC-DiscreteResidual-v0,48,7,10,4.122532849190943,0.0
rl,ppo | LDPC-DiscreteResidual-v0,48,7,11,4.524595247754992,0.0
rl,ppo | LDPC-DiscreteResidual-v0,48,8,0,4.332440368745479,0.0
rl,ppo | LDPC-DiscreteResidual-v0,48,8,1,4.24608393784969,0.0
rl,ppo | LDPC-DiscreteResidual-v0,48,8,2,4.035122279627402,0.0
rl,ppo | LDPC-DiscreteResidual-v0,48,8,3,4.274589181701081,0.0
rl,ppo | LDPC-DiscreteResidual-v0,48,8,4,4.277683701267653,0.0
rl,ppo | LDPC-DiscreteResidual-v0,48,8,5,4.29075749840852,0.0
rl,ppo | LDPC-DiscreteResidual-v0,48,8,6,4.494675271900407,0.0
rl,ppo | LDPC-DiscreteResidual-v0,48,8,7,4.762762835787541,0.0
rl,ppo | LDPC-DiscreteResidual-v0,48,8,8,4.25316699140053,0.0
rl,ppo | LDPC-DiscreteResidual-v0,48,8,9,4.353469575310231,0.0
rl,ppo | LDPC-DiscreteResidual-v0,48,8,10,4.122532849190943,0.0
rl,ppo | LDPC-DiscreteResidual-v0,48,8,11,4.524595247754992,0.0
rl,ppo | LDPC-DiscreteResidual-v0,48,9,0,4.332440368745479,0.0
rl,ppo | LDPC-DiscreteResidual-v0,48,9,1,4.24608393784969,0.0
rl,ppo | LDPC-DiscreteResidual-v0,48,9,2,4.035122279627402,0.0
rl,ppo | LDPC-DiscreteResidual-v0,48,9,3,4.274589181701081,0.0
rl,ppo | LDPC-DiscreteResidual-v0,48,9,4,4.277683701267653,0.0
rl,ppo | LDPC-DiscreteResidual-v0,48,9,5,4.29075749840852,0.0
rl,ppo | LDPC-DiscreteResidual-v0,48,9,6,4.494675271900407,0.0
rl,ppo | LDPC-DiscreteResidual-v0,48,9,7,4.762762835787541,0.0
rl,ppo | LDPC-DiscreteResidual-v0,48,9,8,4.25316699140053,0.0
rl,ppo | LDPC-DiscreteResidual-v0,48,9,9,4.353469575310231,0.0
rl,ppo | LDPC-DiscreteResidual-v0,48,9,10,4.122532849190943,0.0
rl,ppo | LDPC-DiscreteResidual-v0,48,9,11,4.524595247754992,0.0
rl,ppo | LDPC-DiscreteResidual-v0,48,10,0,4.332440368745479,0.0
rl,ppo | LDPC-DiscreteResidual-v0,48,10,1,4.24608393784969,0.0
rl,ppo | LDPC-DiscreteResidual-v0,48,10,2,4.035122279627402,0.0
rl,ppo | LDPC-DiscreteResidual-v0,48,10,3,4.274589181701081,0.0
rl,ppo | LDPC-DiscreteResidual-v0,48,10,4,4.277683701267653,0.0
rl,ppo | LDPC-DiscreteResidual-v0,48,10,5,4.29075749840852,0.0
rl,ppo | LDPC-DiscreteResidual-v0,48,10,6,4.494675271900407,0.0
rl,ppo | LDPC-DiscreteResidual-v0,48,10,7,4.762762835787541,0.0
rl,ppo | LDPC-DiscreteResidual-v0,48,10,8,4.25316699140053,0.0
rl,ppo | LDPC-DiscreteResidual-v0,48,10,9,4.353469575310231,0.0
rl,ppo | LDPC-DiscreteResidual-v0,48,10,10,4.122532849190943,0.0
rl,ppo | LDPC-DiscreteResidual-v0,48,10,11,4.524595247754992,0.0
rl,ppo | LDPC-DiscreteResidual-v0,48,11,0,4.332440368745479,0.0
rl,ppo | LDPC-DiscreteResidual-v0,48,11,1,4.24608393784969,0.0
rl,ppo | LDPC-DiscreteResidual-v0,48,11,2,4.035122279627402,0.0
rl,ppo | LDPC-DiscreteResidual-v0,48,11,3,4.274589181701081,0.0
rl,ppo | LDPC-DiscreteResidual-v0,48,11,4,4.277683701267653,0.0
rl,ppo | LDPC-DiscreteResidual-v0,48,11,5,4.29075749840852,0.0
rl,ppo | LDPC-DiscreteResidual-v0,48,11,6,4.494675271900407,0.0
rl,ppo | LDPC-DiscreteResidual-v0,48,11,7,4.762762835787541,0.0
rl,ppo | LDPC-DiscreteResidual-v0,48,11,8,4.25316699140053,0.0
rl,ppo | LDPC-DiscreteResidual-v0,48,11,9,4.353469575310231,0.0
rl,ppo | LDPC-DiscreteResidual-v0,48,11,10,4.122532849190943,0.0
rl,ppo | LDPC-DiscreteResidual-v0,48,11,11,4.524595247754992,0.0
rl,ppo | LDPC-DiscreteResidual-v0,48,12,0,4.332440368745479,0.0
rl,ppo | LDPC-DiscreteResidual-v0,48,12,1,4.24608393784969,0.0
rl,ppo | LDPC-DiscreteResidual-v0,48,12,2,4.035122279627402,0.0
rl,ppo | LDPC-DiscreteResidual-v0,48,12,3,4.274589181701081,0.0
rl,ppo | LDPC-DiscreteResidual-v0,48,12,4,4.277683701267653,0.0
rl,ppo | LDPC-DiscreteResidual-v0,48,12,5,4.29075749840852,0.0
rl,ppo | LDPC-DiscreteResidual-v0,48,12,6,4.494675271900407,0.0
rl,ppo | LDPC-DiscreteResidual-v0,48,12,7,4.762762835787541,0.0
rl,ppo | LDPC-DiscreteResidual-v0,48,12,8,4.25316699140053,0.0
rl,ppo | LDPC-DiscreteResidual-v0,48,12,9,4.353469575310231,0.0
rl,ppo | LDPC-DiscreteResidual-v0,48,12,10,4.122532849190943,0.0
rl,ppo | LDPC-DiscreteResidual-v0,48,12,11,4.524595247754992,0.0
rl,ppo | LDPC-DiscreteResidual-v0,48,13,0,4.332440368745479,0.0
rl,ppo | LDPC-DiscreteResidual-v0,48,13,1,4.24608393784969,0.0
rl,ppo | LDPC-DiscreteResidual-v0,48,13,2,4.035122279627402,0.0
rl,ppo | LDPC-DiscreteResidual-v0,48,13,3,4.274589181701081,0.0
rl,ppo | LDPC-DiscreteResidual-v0,48,13,4,4.277683701267653,0.0
rl,ppo | LDPC-DiscreteResidual-v0,48,13,5,4.29075749840852,0.0
rl,ppo | LDPC-DiscreteResidual-v0,48,13,6,4.494675271900407,0.0
rl,ppo | LDPC-DiscreteResidual-v0,48,13,7,4.762762835787541,0.0
rl,ppo | LDPC-DiscreteResidual-v0,48,13,8,4.25316699140053,0.0
rl,ppo | LDPC-DiscreteResidual-v0,48,13,9,4.353469575310231,0.0
rl,ppo | LDPC-DiscreteResidual-v0,48,13,10,4.122532849190943,0.0
rl,ppo | LDPC-DiscreteResidual-v0,48,13,11,4.524595247754992,0.0
rl,ppo | LDPC-DiscreteResidual-v0,48,14,0,4.332440368745479,0.0
rl,ppo | LDPC-DiscreteResidual-v0,48,14,1,4.24608393784969,0.0
rl,ppo | LDPC-DiscreteResidual-v0,48,14,2,4.035122279627402,0.0
rl,ppo | LDPC-DiscreteResidual-v0,48,14,3,4.274589181701081,0.0
rl,ppo | LDPC-DiscreteResidual-v0,48,14,4,4.277683701267653,0.0
rl,ppo | LDPC-DiscreteResidual-v0,48,14,5,4.29075749840852,0.0
rl,ppo | LDPC-DiscreteResidual-v0,48,14,6,4.494675271900407,0.0
rl,ppo | LDPC-DiscreteResidual-v0,48,14,7,4.762762835787541,0.0
rl,ppo | LDPC-DiscreteResidual-v0,48,14,8,4.25316699140053,0.0
rl,ppo | LDPC-DiscreteResidual-v0,48,14,9,4.353469575310231,0.0
rl,ppo | LDPC-DiscreteResidual-v0,48,14,10,4.122532849190943,0.0
rl,ppo | LDPC-DiscreteResidual-v0,48,14,11,4.524595247754992,0.0
rl,ppo | LDPC-DiscreteResidual-v0,48,15,0,4.332440368745479,0.0
rl,ppo | LDPC-DiscreteResidual-v0,48,15,1,4.24608393784969,0.0
rl,ppo | LDPC-DiscreteResidual-v0,48,15,2,4.035122279627402,0.0
rl,ppo | LDPC-DiscreteResidual-v0,48,15,3,4.274589181701081,0.0
rl,ppo | LDPC-DiscreteResidual-v0,48,15,4,4.277683701267653,0.0
rl,ppo | LDPC-DiscreteResidual-v0,48,15,5,4.29075749840852,0.0
rl,ppo | LDPC-DiscreteResidual-v0,48,15,6,4.494675271900407,0.0
rl,ppo | LDPC-DiscreteResidual-v0,48,15,7,4.762762835787541,0.0
rl,ppo | LDPC-DiscreteResidual-v0,48,15,8,4.25316699140053,0.0
rl,ppo | LDPC-DiscreteResidual-v0,48,15,9,4.353469575310231,0.0
rl,ppo | LDPC-DiscreteResidual-v0,48,15,10,4.122532849190943,0.0
rl,ppo | LDPC-DiscreteResidual-v0,48,15,11,4.524595247754992,0.0
rl,ppo | LDPC-DiscreteResidual-v0,48,16,0,4.332440368745479,0.0
rl,ppo | LDPC-DiscreteResidual-v0,48,16,1,4.24608393784969,0.0
rl,ppo | LDPC-DiscreteResidual-v0,48,16,2,4.035122279627402,0.0
rl,ppo | LDPC-DiscreteResidual-v0,48,16,3,4.274589181701081,0.0
rl,ppo | LDPC-DiscreteResidual-v0,48,16,4,4.277683701267653,0.0
rl,ppo | LDPC-DiscreteResidual-v0,48,16,5,4.29075749840852,0.0
rl,ppo | LDPC-DiscreteResidual-v0,48,16,6,4.494675271900407,0.0
rl,ppo | LDPC-DiscreteResidual-v0,48,16,7,4.762762835787541,0.0
rl,ppo | LDPC-DiscreteResidual-v0,48,16,8,4.25316699140053,0.0
rl,ppo | LDPC-DiscreteResidual-v0,48,16,9,4.353469575310231,0.0
rl,ppo | LDPC-DiscreteResidual-v0,48,16,10,4.122532849190943,0.0
rl,ppo | LDPC-DiscreteResidual-v0,48,16,11,4.524595247754992,0.0
rl,ppo | LDPC-DiscreteResidual-v0,48,17,0,4.332440368745479,0.0
rl,ppo | LDPC-DiscreteResidual-v0,48,17,1,4.24608393784969,0.0
rl,ppo | LDPC-DiscreteResidual-v0,48,17,2,4.035122279627402,0.0
rl,ppo | LDPC-DiscreteResidual-v0,48,17,3,4.274589181701081,0.0
rl,ppo | LDPC-DiscreteResidual-v0,48,17,4,4.277683701267653,0.0
rl,ppo | LDPC-DiscreteResidual-v0,48,17,5,4.29075749840852,0.0
rl,ppo | LDPC-DiscreteResidual-v0,48,17,6,4.494675271900407,0.0
rl,ppo | LDPC-DiscreteResidual-v0,48,17,7,4.762762835787541,0.0
rl,ppo | LDPC-DiscreteResidual-v0,48,17,8,4.25316699140053,0.0
rl,ppo | LDPC-DiscreteResidual-v0,48,17,9,4.353469575310231,0.0
rl,ppo | LDPC-DiscreteResidual-v0,48,17,10,4.122532849190943,0.0
rl,ppo | LDPC-DiscreteResidual-v0,48,17,11,4.524595247754992,0.0
rl,ppo | LDPC-DiscreteResidual-v0,48,18,0,4.332440368745479,0.0
rl,ppo | LDPC-DiscreteResidual-v0,48,18,1,4.24608393784969,0.0
rl,ppo | LDPC-DiscreteResidual-v0,48,18,2,4.035122279627402,0.0
rl,ppo | LDPC-DiscreteResidual-v0,48,18,3,4.274589181701081,0.0
rl,ppo | LDPC-DiscreteResidual-v0,48,18,4,4.277683701267653,0.0
rl,ppo | LDPC-DiscreteResidual-v0,48,18,5,4.29075749840852,0.0
rl,ppo | LDPC-DiscreteResidual-v0,48,18,6,4.494675271900407,0.0
rl,ppo | LDPC-DiscreteResidual-v0,48,18,7,4.762762835787541,0.0
rl,ppo | LDPC-DiscreteResidual-v0,48,18,8,4.25316699140053,0.0
rl,ppo | LDPC-DiscreteResidual-v0,48,18,9,4.353469575310231,0.0
rl,ppo | LDPC-DiscreteResidual-v0,48,18,10,4.122532849190943,0.0
rl,ppo | LDPC-DiscreteResidual-v0,48,18,11,4.524595247754992,0.0
rl,ppo | LDPC-DiscreteResidual-v0,48,19,0,4.332440368745479,0.0
rl,ppo | LDPC-DiscreteResidual-v0,48,19,1,4.24608393784969,0.0
rl,ppo | LDPC-DiscreteResidual-v0,48,19,2,4.035122279627402,0.0
rl,ppo | LDPC-DiscreteResidual-v0,48,19,3,4.274589181701081,0.0
rl,ppo | LDPC-DiscreteResidual-v0,48,19,4,4.277683701267653,0.0
rl,ppo | LDPC-DiscreteResidual-v0,48,19,5,4.29075749840852,0.0
rl,ppo | LDPC-DiscreteResidual-v0,48,19,6,4.494675271900407,0.0
rl,ppo | LDPC-DiscreteResidual-v0,48,19,7,4.762762835787541,0.0
rl,ppo | LDPC-DiscreteResidual-v0,48,19,8,4.25316699140053,0.0
rl,ppo | LDPC-DiscreteResidual-v0,48,19,9,4.353469575310231,0.0
rl,ppo | LDPC-DiscreteResidual-v0,48,19,10,4.122532849190943,0.0
rl,ppo | LDPC-DiscreteResidual-v0,48,19,11,4.524595247754992,0.0
rl,ppo | LDPC-DiscreteResidual-v0,48,20,0,4.332440368745479,0.0
rl,ppo | LDPC-DiscreteResidual-v0,48,20,1,4.24608393784969,0.0
rl,ppo | LDPC-DiscreteResidual-v0,48,20,2,4.035122279627402,0.0
rl,ppo | LDPC-DiscreteResidual-v0,48,20,3,4.274589181701081,0.0
rl,ppo | LDPC-DiscreteResidual-v0,48,20,4,4.277683701267653,0.0
rl,ppo | LDPC-DiscreteResidual-v0,48,20,5,4.29075749840852,0.0
rl,ppo | LDPC-DiscreteResidual-v0,48,20,6,4.494675271900407,0.0
rl,ppo | LDPC-DiscreteResidual-v0,48,20,7,4.762762835787541,0.0
rl,ppo | LDPC-DiscreteResidual-v0,48,20,8,4.25316699140053,0.0
rl,ppo | LDPC-DiscreteResidual-v0,48,20,9,4.353469575310231,0.0
rl,ppo | LDPC-DiscreteResidual-v0,48,20,10,4.122532849190943,0.0
rl,ppo | LDPC-DiscreteResidual-v0,48,20,11,4.524595247754992,0.0
rl,ppo | LDPC-DiscreteResidual-v0,48,21,0,4.332440368745479,0.0
rl,ppo | LDPC-DiscreteResidual-v0,48,21,1,4.24608393784969,0.0
rl,ppo | LDPC-DiscreteResidual-v0,48,21,2,4.035122279627402,0.0
rl,ppo | LDPC-DiscreteResidual-v0,48,21,3,4.274589181701081,0.0
rl,ppo | LDPC-DiscreteResidual-v0,48,21,4,4.277683701267653,0.0
rl,ppo | LDPC-DiscreteResidual-v0,48,21,5,4.29075749840852,0.0
rl,ppo | LDPC-DiscreteResidual-v0,48,21,6,4.494675271900407,0.0
rl,ppo | LDPC-DiscreteResidual-v0,48,21,7,4.762762835787541,0.0
rl,ppo | LDPC-DiscreteResidual-v0,48,21,8,4.25316699140053,0.0
rl,ppo | LDPC-DiscreteResidual-v0,48,21,9,4.353469575310231,0.0
rl,ppo | LDPC-DiscreteResidual-v0,48,21,10,4.122532849190943,0.0
rl,ppo | LDPC-DiscreteResidual-v0,48,21,11,4.524595247754992,0.0
rl,ppo | LDPC-DiscreteResidual-v0,48,22,0,4.332440368745479,0.0
rl,ppo | LDPC-DiscreteResidual-v0,48,22,1,4.24608393784969,0.0
rl,ppo | LDPC-DiscreteResidual-v0,48,22,2,4.035122279627402,0.0
rl,ppo | LDPC-DiscreteResidual-v0,48,22,3,4.274589181701081,0.0
rl,ppo | LDPC-DiscreteResidual-v0,48,22,4,4.277683701267653,0.0
rl,ppo | LDPC-DiscreteResidual-v0,48,22,5,4.29075749840852,0.0
rl,ppo | LDPC-DiscreteResidual-v0,48,22,6,4.494675271900407,0.0
rl,ppo | LDPC-DiscreteResidual-v0,48,22,7,4.762762835787541,0.0
rl,ppo | LDPC-DiscreteResidual-v0,48,22,8,4.25316699140053,0.0
rl,ppo | LDPC-DiscreteResidual-v0,48,22,9,4.353469575310231,0.0
rl,ppo | LDPC-DiscreteResidual-v0,48,22,10,4.122532849190943,0.0
rl,ppo | LDPC-DiscreteResidual-v0,48,22,11,4.524595247754992,0.0
rl,ppo | LDPC-DiscreteResidual-v0,48,23,0,4.332440368745479,0.0
rl,ppo | LDPC-DiscreteResidual-v0,48,23,1,4.24608393784969,0.0
rl,ppo | LDPC-DiscreteResidual-v0,48,23,2,4.035122279627402,0.0
rl,ppo | LDPC-DiscreteResidual-v0,48,23,3,4.274589181701081,0.0
rl,ppo | LDPC-DiscreteResidual-v0,48,23,4,4.277683701267653,0.0
rl,ppo | LDPC-DiscreteResidual-v0,48,23,5,4.29075749840852,0.0
rl,ppo | LDPC-DiscreteResidual-v0,48,23,6,4.494675271900407,0.0
rl,ppo | LDPC-DiscreteResidual-v0,48,23,7,4.762762835787541,0.0
rl,ppo | LDPC-DiscreteResidual-v0,48,23,8,4.25316699140053,0.0
rl,ppo | LDPC-DiscreteResidual-v0,48,23,9,4.353469575310231,0.0
rl,ppo | LDPC-DiscreteResidual-v0,48,23,10,4.122532849190943,0.0
rl,ppo | LDPC-DiscreteResidual-v0,48,23,11,4.524595247754992,0.0
rl,ppo | LDPC-DiscreteResidual-v0,48,24,0,4.332440368745479,0.0
rl,ppo | LDPC-DiscreteResidual-v0,48,24,1,4.24608393784969,0.0
rl,ppo | LDPC-DiscreteResidual-v0,48,24,2,4.035122279627402,0.0
rl,ppo | LDPC-DiscreteResidual-v0,48,24,3,4.274589181701081,0.0
rl,ppo | LDPC-DiscreteResidual-v0,48,24,4,4.277683701267653,0.0
rl,ppo | LDPC-DiscreteResidual-v0,48,24,5,4.29075749840852,0.0
rl,ppo | LDPC-DiscreteResidual-v0,48,24,6,4.494675271900407,0.0
rl,ppo | LDPC-DiscreteResidual-v0,48,24,7,4.762762835787541,0.0
rl,ppo | LDPC-DiscreteResidual-v0,48,24,8,4.25316699140053,0.0
rl,ppo | LDPC-DiscreteResidual-v0,48,24,9,4.353469575310231,0.0
rl,ppo | LDPC-DiscreteResidual-v0,48,24,10,4.122532849190943,0.0
rl,ppo | LDPC-DiscreteResidual-v0,48,24,11,4.524595247754992,0.0
rl,ppo | LDPC-DiscreteResidual-v0,48,25,0,4.332440368745479,0.0
rl,ppo | LDPC-DiscreteResidual-v0,48,25,1,4.24608393784969,0.0
rl,ppo | LDPC-DiscreteResidual-v0,48,25,2,4.035122279627402,0.0
rl,ppo | LDPC-DiscreteResidual-v0,48,25,3,4.274589181701081,0.0
rl,ppo | LDPC-DiscreteResidual-v0,48,25,4,4.277683701267653,0.0
rl,ppo | LDPC-DiscreteResidual-v0,48,25,5,4.29075749840852,0.0
rl,ppo | LDPC-DiscreteResidual-v0,48,25,6,4.494675271900407,0.0
rl,ppo | LDPC-DiscreteResidual-v0,48,25,7,4.762762835787541,0.0
rl,ppo | LDPC-DiscreteResidual-v0,48,25,8,4.25316699140053,0.0
rl,ppo | LDPC-DiscreteResidual-v0,48,25,9,4.353469575310231,0.0
rl,ppo | LDPC-DiscreteResidual-v0,48,25,10,4.122532849190943,0.0
rl,ppo | LDPC-DiscreteResidual-v0,48,25,11,4.524595247754992,0.0
rl,ppo | LDPC-DiscreteResidual-v0,48,26,0,4.332440368745479,0.0
rl,ppo | LDPC-DiscreteResidual-v0,48,26,1,4.24608393784969,0.0
rl,ppo | LDPC-DiscreteResidual-v0,48,26,2,4.035122279627402,0.0
rl,ppo | LDPC-DiscreteResidual-v0,48,26,3,4.274589181701081,0.0
rl,ppo | LDPC-DiscreteResidual-v0,48,26,4,4.277683701267653,0.0
rl,ppo | LDPC-DiscreteResidual-v0,48,26,5,4.29075749840852,0.0
rl,ppo | LDPC-DiscreteResidual-v0,48,26,6,4.494675271900407,0.0
rl,ppo | LDPC-DiscreteResidual-v0,48,26,7,4.762762835787541,0.0
rl,ppo | LDPC-DiscreteResidual-v0,48,26,8,4.25316699140053,0.0
rl,ppo | LDPC-DiscreteResidual-v0,48,26,9,4.353469575310231,0.0
rl,ppo | LDPC-DiscreteResidual-v0,48,26,10,4.122532849190943,0.0
rl,ppo | LDPC-DiscreteResidual-v0,48,26,11,4.524595247754992,0.0
rl,ppo | LDPC-DiscreteResidual-v0,48,27,0,4.332440368745479,0.0
rl,ppo | LDPC-DiscreteResidual-v0,48,27,1,4.24608393784969,0.0
rl,ppo | LDPC-DiscreteResidual-v0,48,27,2,4.035122279627402,0.0
rl,ppo | LDPC-DiscreteResidual-v0,48,27,3,4.274589181701081,0.0
rl,ppo | LDPC-DiscreteResidual-v0,48,27,4,4.277683701267653,0.0
rl,ppo | LDPC-DiscreteResidual-v0,48,27,5,4.29075749840852,0.0
rl,ppo | LDPC-DiscreteResidual-v0,48,27,6,4.494675271900407,0.0
rl,ppo | LDPC-DiscreteResidual-v0,48,27,7,4.762762835787541,0.0
rl,ppo | LDPC-DiscreteResidual-v0,48,27,8,4.25316699140053,0.0
rl,ppo | LDPC-DiscreteResidual-v0,48,27,9,4.353469575310231,0.0
rl,ppo | LDPC-DiscreteResidual-v0,48,27,10,4.122532849190943,0.0
rl,ppo | LDPC-DiscreteResidual-v0,48,27,11,4.524595247754992,0.0
rl,ppo | LDPC-DiscreteResidual-v0,48,28,0,4.332440368745479,0.0
rl,ppo | LDPC-DiscreteResidual-v0,48,28,1,4.24608393784969,0.0
rl,ppo | LDPC-DiscreteResidual-v0,48,28,2,4.035122279627402,0.0
rl,ppo | LDPC-DiscreteResidual-v0,48,28,3,4.274589181701081,0.0
rl,ppo | LDPC-DiscreteResidual-v0,48,28,4,4.277683701267653,0.0
rl,ppo | LDPC-DiscreteResidual-v0,48,28,5,4.29075749840852,0.0
rl,ppo | LDPC-DiscreteResidual-v0,48,28,6,4.494675271900407,0.0
rl,ppo | LDPC-DiscreteResidual-v0,48,28,7,4.762762835787541,0.0
rl,ppo | LDPC-DiscreteResidual-v0,48,28,8,4.25316699140053,0.0
rl,ppo | LDPC-DiscreteResidual-v0,48,28,9,4.353469575310231,0.0
rl,ppo | LDPC-DiscreteResidual-v0,48,28,10,4.122532849190943,0.0
rl,ppo | LDPC-DiscreteResidual-v0,48,28,11,4.524595247754992,0.0
rl,ppo | LDPC-DiscreteResidual-v0,48,29,0,4.332440368745479,0.0
rl,ppo | LDPC-DiscreteResidual-v0,48,29,1,4.24608393784969,0.0
rl,ppo | LDPC-DiscreteResidual-v0,48,29,2,4.035122279627402,0.0
rl,ppo | LDPC-DiscreteResidual-v0,48,29,3,4.274589181701081,0.0
rl,ppo | LDPC-DiscreteResidual-v0,48,29,4,4.277683701267653,0.0
rl,ppo | LDPC-DiscreteResidual-v0,48,29,5,4.29075749840852,0.0
rl,ppo | LDPC-DiscreteResidual-v0,48,29,6,4.494675271900407,0.0
rl,ppo | LDPC-DiscreteResidual-v0,48,29,7,4.762762835787541,0.0
rl,ppo | LDPC-DiscreteResidual-v0,48,29,8,4.25316699140053,0.0
rl,ppo | LDPC-DiscreteResidual-v0,48,29,9,4.353469575310231,0.0
rl,ppo | LDPC-DiscreteResidual-v0,48,29,10,4.122532849190943,0.0
rl,ppo | LDPC-DiscreteResidual-v0,48,29,11,4.524595247754992,0.0
rl,ppo | LDPC-DiscreteResidual-v0,48,30,0,4.332440368745479,0.0
rl,ppo | LDPC-DiscreteResidual-v0,48,30,1,4.24608393784969,0.0
rl,ppo | LDPC-DiscreteResidual-v0,48,30,2,4.035122279627402,0.0
rl,ppo | LDPC-DiscreteResidual-v0,48,30,3,4.274589181701081,0.0
rl,ppo | LDPC-DiscreteResidual-v0,48,30,4,4.277683701267653,0.0
rl,ppo | LDPC-DiscreteResidual-v0,48,30,5,4.29075749840852,0.0
rl,ppo | LDPC-DiscreteResidual-v0,48,30,6,4.494675271900407,0.0
rl,ppo | LDPC-DiscreteResidual-v0,48,30,7,4.762762835787541,0.0
rl,ppo | LDPC-DiscreteResidual-v0,48,30,8,4.25316699140053,0.0
rl,ppo | LDPC-DiscreteResidual-v0,48,30,9,4.353469575310231,0.0
rl,ppo | LDPC-DiscreteResidual-v0,48,30,10,4.122532849190943,0.0
rl,ppo | LDPC-DiscreteResidual-v0,48,30,11,4.524595247754992,0.0
rl,ppo | LDPC-DiscreteResidual-v0,48,31,0,4.332440368745479,0.0
rl,ppo | LDPC-DiscreteResidual-v0,48,31,1,4.24608393784969,0.0
rl,ppo | LDPC-DiscreteResidual-v0,48,31,2,4.035122279627402,0.0
rl,ppo | LDPC-DiscreteResidual-v0,48,31,3,4.274589181701081,0.0
rl,ppo | LDPC-DiscreteResidual-v0,48,31,4,4.277683701267653,0.0
rl,ppo | LDPC-DiscreteResidual-v0,48,31,5,4.29075749840852,0.0
rl,ppo | LDPC-DiscreteResidual-v0,48,31,6,4.494675271900407,0.0
rl,ppo | LDPC-DiscreteResidual-v0,48,31,7,4.762762835787541,0.0
rl,ppo | LDPC-DiscreteResidual-v0,48,31,8,4.25316699140053,0.0
rl,ppo | LDPC-DiscreteResidual-v0,48,31,9,4.353469575310231,0.0
rl,ppo | LDPC-DiscreteResidual-v0,48,31,10,4.122532849190943,0.0
rl,ppo | LDPC-DiscreteResidual-v0,48,31,11,4.524595247754992,0.0
rl,ppo | LDPC-DiscreteResidual-v0,48,32,0,4.332440368745479,0.0
rl,ppo | LDPC-DiscreteResidual-v0,48,32,1,4.24608393784969,0.0
rl,ppo | LDPC-DiscreteResidual-v0,48,32,2,4.035122279627402,0.0
rl,ppo | LDPC-DiscreteResidual-v0,48,32,3,4.274589181701081,0.0
rl,ppo | LDPC-DiscreteResidual-v0,48,32,4,4.277683701267653,0.0
rl,ppo | LDPC-DiscreteResidual-v0,48,32,5,4.29075749840852,0.0
rl,ppo | LDPC-DiscreteResidual-v0,48,32,6,4.494675271900407,0.0
rl,ppo | LDPC-DiscreteResidual-v0,48,32,7,4.762762835787541,0.0
rl,ppo | LDPC-DiscreteResidual-v0,48,32,8,4.25316699140053,0.0
rl,ppo | LDPC-DiscreteResidual-v0,48,32,9,4.353469575310231,0.0
rl,ppo | LDPC-DiscreteResidual-v0,48,32,10,4.122532849190943,0.0
rl,ppo | LDPC-DiscreteResidual-v0,48,32,11,4.524595247754992,0.0
rl,ppo | LDPC-DiscreteResidual-v0,48,33,0,4.332440368745479,0.0
rl,ppo | LDPC-DiscreteResidual-v0,48,33,1,4.24608393784969,0.0
rl,ppo | LDPC-DiscreteResidual-v0,48,33,2,4.035122279627402,0.0
rl,ppo | LDPC-DiscreteResidual-v0,48,33,3,4.274589181701081,0.0
rl,ppo | LDPC-DiscreteResidual-v0,48,33,4,4.277683701267653,0.0
rl,ppo | LDPC-DiscreteResidual-v0,48,33,5,4.29075749840852,0.0
rl,ppo | LDPC-DiscreteResidual-v0,48,33,6,4.494675271900407,0.0
rl,ppo | LDPC-DiscreteResidual-v0,48,33,7,4.762762835787541,0.0
rl,ppo | LDPC-DiscreteResidual-v0,48,33,8,4.25316699140053,0.0
rl,ppo | LDPC-DiscreteResidual-v0,48,33,9,4.353469575310231,0.0
rl,ppo | LDPC-DiscreteResidual-v0,48,33,10,4.122532849190943,0.0
rl,ppo | LDPC-DiscreteResidual-v0,48,33,11,4.524595247754992,0.0
rl,ppo | LDPC-DiscreteResidual-v0,48,34,0,4.332440368745479,0.0
rl,ppo | LDPC-DiscreteResidual-v0,48,34,1,4.24608393784969,0.0
rl,ppo | LDPC-DiscreteResidual-v0,48,34,2,4.035122279627402,0.0
rl,ppo | LDPC-DiscreteResidual-v0,48,34,3,4.274589181701081,0.0
rl,ppo | LDPC-DiscreteResidual-v0,48,34,4,4.277683701267653,0.0
rl,ppo | LDPC-DiscreteResidual-v0,48,34,5,4.29075749840852,0.0
rl,ppo | LDPC-DiscreteResidual-v0,48,34,6,4.494675271900407,0.0
rl,ppo | LDPC-DiscreteResidual-v0,48,34,7,4.762762835787541,0.0
rl,ppo | LDPC-DiscreteResidual-v0,48,34,8,4.25316699140053,0.0
rl,ppo | LDPC-DiscreteResidual-v0,48,34,9,4.353469575310231,0.0
rl,ppo | LDPC-DiscreteResidual-v0,48,34,10,4.122532849190943,0.0
rl,ppo | LDPC-DiscreteResidual-v0,48,34,11,4.524595247754992,0.0
rl,ppo | LDPC-DiscreteResidual-v0,48,35,0,4.332440368745479,0.0
rl,ppo | LDPC-DiscreteResidual-v0,48,35,1,4.24608393784969,0.0
rl,ppo | LDPC-DiscreteResidual-v0,48,35,2,4.035122279627402,0.0
rl,ppo | LDPC-DiscreteResidual-v0,48,35,3,4.274589181701081,0.0
rl,ppo | LDPC-DiscreteResidual-v0,48,35,4,4.277683701267653,0.0
rl,ppo | LDPC-DiscreteResidual-v0,48,35,5,4.29075749840852,0.0
rl,ppo | LDPC-DiscreteResidual-v0,48,35,6,4.494675271900407,0.0
rl,ppo | LDPC-DiscreteResidual-v0,48,35,7,4.762762835787541,0.0
rl,ppo | LDPC-DiscreteResidual-v0,48,35,8,4.25316699140053,0.0
rl,ppo | LDPC-DiscreteResidual-v0,48,35,9,4.353469575310231,0.0
rl,ppo | LDPC-DiscreteResidual-v0,48,35,10,4.122532849190943,0.0
rl,ppo | LDPC-DiscreteResidual-v0,48,35,11,4.524595247754992,0.0
rl,ppo | LDPC-DiscreteResidual-v0,48,36,0,4.332440368745479,0.0
rl,ppo | LDPC-DiscreteResidual-v0,48,36,1,4.24608393784969,0.0
rl,ppo | LDPC-DiscreteResidual-v0,48,36,2,4.035122279627402,0.0
rl,ppo | LDPC-DiscreteResidual-v0,48,36,3,4.274589181701081,0.0
rl,ppo | LDPC-DiscreteResidual-v0,48,36,4,4.277683701267653,0.0
rl,ppo | LDPC-DiscreteResidual-v0,48,36,5,4.29075749840852,0.0
rl,ppo | LDPC-DiscreteResidual-v0,48,36,6,4.494675271900407,0.0
rl,ppo | LDPC-DiscreteResidual-v0,48,36,7,4.762762835787541,0.0
rl,ppo | LDPC-DiscreteResidual-v0,48,36,8,4.25316699140053,0.0
rl,ppo | LDPC-DiscreteResidual-v0,48,36,9,4.353469575310231,0.0
rl,ppo | LDPC-DiscreteResidual-v0,48,36,10,4.122532849190943,0.0
rl,ppo | LDPC-DiscreteResidual-v0,48,36,11,4.524595247754992,0.0
rl,ppo | LDPC-DiscreteResidual-v0,48,37,0,4.332440368745479,0.0
rl,ppo | LDPC-DiscreteResidual-v0,48,37,1,4.24608393784969,0.0
rl,ppo | LDPC-DiscreteResidual-v0,48,37,2,4.035122279627402,0.0
rl,ppo | LDPC-DiscreteResidual-v0,48,37,3,4.274589181701081,0.0
rl,ppo | LDPC-DiscreteResidual-v0,48,37,4,4.277683701267653,0.0
rl,ppo | LDPC-DiscreteResidual-v0,48,37,5,4.29075749840852,0.0
rl,ppo | LDPC-DiscreteResidual-v0,48,37,6,4.494675271900407,0.0
rl,ppo | LDPC-DiscreteResidual-v0,48,37,7,4.762762835787541,0.0
rl,ppo | LDPC-DiscreteResidual-v0,48,37,8,4.25316699140053,0.0
rl,ppo | LDPC-DiscreteResidual-v0,48,37,9,4.353469575310231,0.0
rl,ppo | LDPC-DiscreteResidual-v0,48,37,10,4.122532849190943,0.0
rl,ppo | LDPC-DiscreteResidual-v0,48,37,11,4.524595247754992,0.0
rl,ppo | LDPC-DiscreteResidual-v0,48,38,0,4.332440368745479,0.0
rl,ppo | LDPC-DiscreteResidual-v0,48,38,1,4.24608393784969,0.0
rl,ppo | LDPC-DiscreteResidual-v0,48,38,2,4.035122279627402,0.0
rl,ppo | LDPC-DiscreteResidual-v0,48,38,3,4.274589181701081,0.0
rl,ppo | LDPC-DiscreteResidual-v0,48,38,4,4.277683701267653,0.0
rl,ppo | LDPC-DiscreteResidual-v0,48,38,5,4.29075749840852,0.0
rl,ppo | LDPC-DiscreteResidual-v0,48,38,6,4.494675271900407,0.0
rl,ppo | LDPC-DiscreteResidual-v0,48,38,7,4.762762835787541,0.0
rl,ppo | LDPC-DiscreteResidual-v0,48,38,8,4.25316699140053,0.0
rl,ppo | LDPC-DiscreteResidual-v0,48,38,9,4.353469575310231,0.0
rl,ppo | LDPC-DiscreteResidual-v0,48,38,10,4.122532849190943,0.0
rl,ppo | LDPC-DiscreteResidual-v0,48,38,11,4.524595247754992,0.0
rl,ppo | LDPC-DiscreteResidual-v0,48,39,0,4.332440368745479,0.0
rl,ppo | LDPC-DiscreteResidual-v0,48,39,1,4.24608393784969,0.0
rl,ppo | LDPC-DiscreteResidual-v0,48,39,2,4.035122279627402,0.0
rl,ppo | LDPC-DiscreteResidual-v0,48,39,3,4.274589181701081,0.0
rl,ppo | LDPC-DiscreteResidual-v0,48,39,4,4.277683701267653,0.0
rl,ppo | LDPC-DiscreteResidual-v0,48,39,5,4.29075749840852,0.0
rl,ppo | LDPC-DiscreteResidual-v0,48,39,6,4.494675271900407,0.0
rl,ppo | LDPC-DiscreteResidual-v0,48,39,7,4.762762835787541,0.0
rl,ppo | LDPC-DiscreteResidual-v0,48,39,8,4.25316699140053,0.0
rl,ppo | LDPC-DiscreteResidual-v0,48,39,9,4.353469575310231,0.0
rl,ppo | LDPC-DiscreteResidual-v0,48,39,10,4.122532849190943,0.0
rl,ppo | LDPC-DiscreteResidual-v0,48,39,11,4.524595247754992,0.0
rl,ppo | LDPC-DiscreteResidual-v0,48,40,0,4.332440368745479,0.0
rl,ppo | LDPC-DiscreteResidual-v0,48,40,1,4.24608393784969,0.0
rl,ppo | LDPC-DiscreteResidual-v0,48,40,2,4.035122279627402,0.0
rl,ppo | LDPC-DiscreteResidual-v0,48,40,3,4.274589181701081,0.0
rl,ppo | LDPC-DiscreteResidual-v0,48,40,4,4.277683701267653,0.0
rl,ppo | LDPC-DiscreteResidual-v0,48,40,5,4.29075749840852,0.0
rl,ppo | LDPC-DiscreteResidual-v0,48,40,6,4.494675271900407,0.0
rl,ppo | LDPC-DiscreteResidual-v0,48,40,7,4.762762835787541,0.0
rl,ppo | LDPC-DiscreteResidual-v0,48,40,8,4.25316699140053,0.0
rl,ppo | LDPC-DiscreteResidual-v0,48,40,9,4.353469575310231,0.0
rl,ppo | LDPC-DiscreteResidual-v0,48,40,10,4.122532849190943,0.0
rl,ppo | LDPC-DiscreteResidual-v0,48,40,11,4.524595247754992,0.0
rl,ppo | LDPC-DiscreteResidual-v0,48,41,0,4.332440368745479,0.0
rl,ppo | LDPC-DiscreteResidual-v0,48,41,1,4.24608393784969,0.0
rl,ppo | LDPC-DiscreteResidual-v0,48,41,2,4.035122279627402,0.0
rl,ppo | LDPC-DiscreteResidual-v0,48,41,3,4.274589181701081,0.0
rl,ppo | LDPC-DiscreteResidual-v0,48,41,4,4.277683701267653,0.0
rl,ppo | LDPC-DiscreteResidual-v0,48,41,5,4.29075749840852,0.0
rl,ppo | LDPC-DiscreteResidual-v0,48,41,6,4.494675271900407,0.0
rl,ppo | LDPC-DiscreteResidual-v0,48,41,7,4.762762835787541,0.0
rl,ppo | LDPC-DiscreteResidual-v0,48,41,8,4.25316699140053,0.0
rl,ppo | LDPC-DiscreteResidual-v0,48,41,9,4.353469575310231,0.0
rl,ppo | LDPC-DiscreteResidual-v0,48,41,10,4.122532849190943,0.0
rl,ppo | LDPC-DiscreteResidual-v0,48,41,11,4.524595247754992,0.0
rl,ppo | LDPC-DiscreteResidual-v0,48,42,0,4.332440368745479,0.0
rl,ppo | LDPC-DiscreteResidual-v0,48,42,1,4.24608393784969,0.0
rl,ppo | LDPC-DiscreteResidual-v0,48,42,2,4.035122279627402,0.0
rl,ppo | LDPC-DiscreteResidual-v0,48,42,3,4.274589181701081,0.0
rl,ppo | LDPC-DiscreteResidual-v0,48,42,4,4.277683701267653,0.0
rl,ppo | LDPC-DiscreteResidual-v0,48,42,5,4.29075749840852,0.0
rl,ppo | LDPC-DiscreteResidual-v0,48,42,6,4.494675271900407,0.0
rl,ppo | LDPC-DiscreteResidual-v0,48,42,7,4.762762835787541,0.0
rl,ppo | LDPC-DiscreteResidual-v0,48,42,8,4.25316699140053,0.0
rl,ppo | LDPC-DiscreteResidual-v0,48,42,9,4.353469575310231,0.0
rl,ppo | LDPC-DiscreteResidual-v0,48,42,10,4.122532849190943,0.0
rl,ppo | LDPC-DiscreteResidual-v0,48,42,11,4.524595247754992,0.0
rl,ppo | LDPC-DiscreteResidual-v0,48,43,0,4.332440368745479,0.0
rl,ppo | LDPC-DiscreteResidual-v0,48,43,1,4.24608393784969,0.0
rl,ppo | LDPC-DiscreteResidual-v0,48,43,2,4.035122279627402,0.0
rl,ppo | LDPC-DiscreteResidual-v0,48,43,3,4.274589181701081,0.0
rl,ppo | LDPC-DiscreteResidual-v0,48,43,4,4.277683701267653,0.0
rl,ppo | LDPC-DiscreteResidual-v0,48,43,5,4.29075749840852,0.0
rl,ppo | LDPC-DiscreteResidual-v0,48,43,6,4.494675271900407,0.0
rl,ppo | LDPC-DiscreteResidual-v0,48,43,7,4.762762835787541,0.0
rl,ppo | LDPC-DiscreteResidual-v0,48,43,8,4.25316699140053,0.0
rl,ppo | LDPC-DiscreteResidual-v0,48,43,9,4.353469575310231,0.0
rl,ppo | LDPC-DiscreteResidual-v0,48,43,10,4.122532849190943,0.0
rl,ppo | LDPC-DiscreteResidual-v0,48,43,11,4.524595247754992,0.0
rl,ppo | LDPC-DiscreteResidual-v0,48,44,0,4.332440368745479,0.0
rl,ppo | LDPC-DiscreteResidual-v0,48,44,1,4.24608393784969,0.0
rl,ppo | LDPC-DiscreteResidual-v0,48,44,2,4.035122279627402,0.0
rl,ppo | LDPC-DiscreteResidual-v0,48,44,3,4.274589181701081,0.0
rl,ppo | LDPC-DiscreteResidual-v0,48,44,4,4.277683701267653,0.0
rl,ppo | LDPC-DiscreteResidual-v0,48,44,5,4.29075749840852,0.0
rl,ppo | LDPC-DiscreteResidual-v0,48,44,6,4.494675271900407,0.0
rl,ppo | LDPC-DiscreteResidual-v0,48,44,7,4.762762835787541,0.0
rl,ppo | LDPC-DiscreteResidual-v0,48,44,8,4.25316699140053,0.0
rl,ppo | LDPC-DiscreteResidual-v0,48,44,9,4.353469575310231,0.0
rl,ppo | LDPC-DiscreteResidual-v0,48,44,10,4.122532849190943,0.0
rl,ppo | LDPC-DiscreteResidual-v0,48,44,11,4.524595247754992,0.0
rl,ppo | LDPC-DiscreteResidual-v0,48,45,0,4.332440368745479,0.0
rl,ppo | LDPC-DiscreteResidual-v0,48,45,1,4.24608393784969,0.0
rl,ppo | LDPC-DiscreteResidual-v0,48,45,2,4.035122279627402,0.0
rl,ppo | LDPC-DiscreteResidual-v0,48,45,3,4.274589181701081,0.0
rl,ppo | LDPC-DiscreteResidual-v0,48,45,4,4.277683701267653,0.0
rl,ppo | LDPC-DiscreteResidual-v0,48,45,5,4.29075749840852,0.0
rl,ppo | LDPC-DiscreteResidual-v0,48,45,6,4.494675271900407,0.0
rl,ppo | LDPC-DiscreteResidual-v0,48,45,7,4.762762835787541,0.0
rl,ppo | LDPC-DiscreteResidual-v0,48,45,8,4.25316699140053,0.0
rl,ppo | LDPC-DiscreteResidual-v0,48,45,9,4.353469575310231,0.0
rl,ppo | LDPC-DiscreteResidual-v0,48,45,10,4.122532849190943,0.0
rl,ppo | LDPC-DiscreteResidual-v0,48,45,11,4.524595247754992,0.0
rl,ppo | LDPC-DiscreteResidual-v0,48,46,0,4.332440368745479,0.0
rl,ppo | LDPC-DiscreteResidual-v0,48,46,1,4.24608393784969,0.0
rl,ppo | LDPC-DiscreteResidual-v0,48,46,2,4.035122279627402,0.0
rl,ppo | LDPC-DiscreteResidual-v0,48,46,3,4.274589181701081,0.0
rl,ppo | LDPC-DiscreteResidual-v0,48,46,4,4.277683701267653,0.0
rl,ppo | LDPC-DiscreteResidual-v0,48,46,5,4.29075749840852,0.0
rl,ppo | LDPC-DiscreteResidual-v0,48,46,6,4.494675271900407,0.0
rl,ppo | LDPC-DiscreteResidual-v0,48,46,7,4.762762835787541,0.0
rl,ppo | LDPC-DiscreteResidual-v0,48,46,8,4.25316699140053,0.0
rl,ppo | LDPC-DiscreteResidual-v0,48,46,9,4.353469575310231,0.0
rl,ppo | LDPC-DiscreteResidual-v0,48,46,10,4.122532849190943,0.0
rl,ppo | LDPC-DiscreteResidual-v0,48,46,11,4.524595247754992,0.0
rl,ppo | LDPC-DiscreteResidual-v0,48,47,0,4.332440368745479,0.0
rl,ppo | LDPC-DiscreteResidual-v0,48,47,1,4.24608393784969,0.0
rl,ppo | LDPC-DiscreteResidual-v0,48,47,2,4.035122279627402,0.0
rl,ppo | LDPC-DiscreteResidual-v0,48,47,3,4.274589181701081,0.0
rl,ppo | LDPC-DiscreteResidual-v0,48,47,4,4.277683701267653,0.0
rl,ppo | LDPC-DiscreteResidual-v0,48,47,5,4.29075749840852,0.0
rl,ppo | LDPC-DiscreteResidual-v0,48,47,6,4.494675271900407,0.0
rl,ppo | LDPC-DiscreteResidual-v0,48,47,7,4.762762835787541,0.0
rl,ppo | LDPC-DiscreteResidual-v0,48,47,8,4.25316699140053,0.0
rl,ppo | LDPC-DiscreteResidual-v0,48,47,9,4.353469575310231,0.0
rl,ppo | LDPC-DiscreteResidual-v0,48,47,10,4.122532849190943,0.0
rl,ppo | LDPC-DiscreteResidual-v0,48,47,11,4.524595247754992,0.0
rl,ppo | LDPC-DiscreteResidual-v0,48,48,0,4.332440368745479,0.0
rl,ppo | LDPC-DiscreteResidual-v0,48,48,1,4.24608393784969,0.0
rl,ppo | LDPC-DiscreteResidual-v0,48,48,2,4.035122279627402,0.0
rl,ppo | LDPC-DiscreteResidual-v0,48,48,3,4.274589181701081,0.0
rl,ppo | LDPC-DiscreteResidual-v0,48,48,4,4.277683701267653,0.0
rl,ppo | LDPC-DiscreteResidual-v0,48,48,5,4.29075749840852,0.0
rl,ppo | LDPC-DiscreteResidual-v0,48,48,6,4.494675271900407,0.0
rl,ppo | LDPC-DiscreteResidual-v0,48,48,7,4.762762835787541,0.0
rl,ppo | LDPC-DiscreteResidual-v0,48,48,8,4.25316699140053,0.0
rl,ppo | LDPC-DiscreteResidual-v0,48,48,9,4.353469575310231,0.0
rl,ppo | LDPC-DiscreteResidual-v0,48,48,10,4.122532849190943,0.0
rl,ppo | LDPC-DiscreteResidual-v0,48,48,11,4.524595247754992,0.0
rl,ppo | LDPC-DiscreteResidual-v0,48,49,0,4.332440368745479,0.0
rl,ppo | LDPC-DiscreteResidual-v0,48,49,1,4.24608393784969,0.0
rl,ppo | LDPC-DiscreteResidual-v0,48,49,2,4.035122279627402,0.0
rl,ppo | LDPC-DiscreteResidual-v0,48,49,3,4.274589181701081,0.0
rl,ppo | LDPC-DiscreteResidual-v0,48,49,4,4.277683701267653,0.0
rl,ppo | LDPC-DiscreteResidual-v0,48,49,5,4.29075749840852,0.0
rl,ppo | LDPC-DiscreteResidual-v0,48,49,6,4.494675271900407,0.0
rl,ppo | LDPC-DiscreteResidual-v0,48,49,7,4.762762835787541,0.0
rl,ppo | LDPC-DiscreteResidual-v0,48,49,8,4.25316699140053,0.0
rl,ppo | LDPC-DiscreteResidual-v0,48,49,9,4.353469575310231,0.0
rl,ppo | LDPC-DiscreteResidual-v0,48,49,10,4.122532849190943,0.0
rl,ppo | LDPC-DiscreteResidual-v0,48,49,11,4.524595247754992,0.0
rl,ppo | LDPC-DiscreteResidual-v0,48,50,0,4.332440368745479,0.0
rl,ppo | LDPC-DiscreteResidual-v0,48,50,1,4.24608393784969,0.0
rl,ppo | LDPC-DiscreteResidual-v0,48,50,2,4.035122279627402,0.0
rl,ppo | LDPC-DiscreteResidual-v0,48,50,3,4.274589181701081,0.0
rl,ppo | LDPC-DiscreteResidual-v0,48,50,4,4.277683701267653,0.0
rl,ppo | LDPC-DiscreteResidual-v0,48,50,5,4.29075749840852,0.0
rl,ppo | LDPC-DiscreteResidual-v0,48,50,6,4.494675271900407,0.0
rl,ppo | LDPC-DiscreteResidual-v0,48,50,7,4.762762835787541,0.0
rl,ppo | LDPC-DiscreteResidual-v0,48,50,8,4.25316699140053,0.0
rl,ppo | LDPC-DiscreteResidual-v0,48,50,9,4.353469575310231,0.0
rl,ppo | LDPC-DiscreteResidual-v0,48,50,10,4.122532849190943,0.0
rl,ppo | LDPC-DiscreteResidual-v0,48,50,11,4.524595247754992,0.0
rl,ppo | LDPC-DiscreteResidual-v0,48,51,0,4.332440368745479,0.0
rl,ppo | LDPC-DiscreteResidual-v0,48,51,1,4.24608393784969,0.0
rl,ppo | LDPC-DiscreteResidual-v0,48,51,2,4.035122279627402,0.0
rl,ppo | LDPC-DiscreteResidual-v0,48,51,3,4.274589181701081,0.0
rl,ppo | LDPC-DiscreteResidual-v0,48,51,4,4.277683701267653,0.0
rl,ppo | LDPC-DiscreteResidual-v0,48,51,5,4.29075749840852,0.0
rl,ppo | LDPC-DiscreteResidual-v0,48,51,6,4.494675271900407,0.0
rl,ppo | LDPC-DiscreteResidual-v0,48,51,7,4.762762835787541,0.0
rl,ppo | LDPC-DiscreteResidual-v0,48,51,8,4.25316699140053,0.0
rl,ppo | LDPC-DiscreteResidual-v0,48,51,9,4.353469575310231,0.0
rl,ppo | LDPC-DiscreteResidual-v0,48,51,10,4.122532849190943,0.0
rl,ppo | LDPC-DiscreteResidual-v0,48,51,11,4.524595247754992,0.0
rl,ppo | LDPC-DiscreteResidual-v0,48,52,0,4.332440368745479,0.0
rl,ppo | LDPC-DiscreteResidual-v0,48,52,1,4.24608393784969,0.0
rl,ppo | LDPC-DiscreteResidual-v0,48,52,2,4.035122279627402,0.0
rl,ppo | LDPC-DiscreteResidual-v0,48,52,3,4.274589181701081,0.0
rl,ppo | LDPC-DiscreteResidual-v0,48,52,4,4.277683701267653,0.0
rl,ppo | LDPC-DiscreteResidual-v0,48,52,5,4.29075749840852,0.0
rl,ppo | LDPC-DiscreteResidual-v0,48,52,6,4.494675271900407,0.0
rl,ppo | LDPC-DiscreteResidual-v0,48,52,7,4.762762835787541,0.0
rl,ppo | LDPC-DiscreteResidual-v0,48,52,8,4.25316699140053,0.0
rl,ppo | LDPC-DiscreteResidual-v0,48,52,9,4.353469575310231,0.0
rl,ppo | LDPC-DiscreteResidual-v0,48,52,10,4.122532849190943,0.0
rl,ppo | LDPC-DiscreteResidual-v0,48,52,11,4.524595247754992,0.0
rl,ppo | LDPC-DiscreteResidual-v0,48,53,0,4.332440368745479,0.0
rl,ppo | LDPC-DiscreteResidual-v0,48,53,1,4.24608393784969,0.0
rl,ppo | LDPC-DiscreteResidual-v0,48,53,2,4.035122279627402,0.0
rl,ppo | LDPC-DiscreteResidual-v0,48,53,3,4.274589181701081,0.0
rl,ppo | LDPC-DiscreteResidual-v0,48,53,4,4.277683701267653,0.0
rl,ppo | LDPC-DiscreteResidual-v0,48,53,5,4.29075749840852,0.0
rl,ppo | LDPC-DiscreteResidual-v0,48,53,6,4.494675271900407,0.0
rl,ppo | LDPC-DiscreteResidual-v0,48,53,7,4.762762835787541,0.0
rl,ppo | LDPC-DiscreteResidual-v0,48,53,8,4.25316699140053,0.0
rl,ppo | LDPC-DiscreteResidual-v0,48,53,9,4.353469575310231,0.0
rl,ppo | LDPC-DiscreteResidual-v0,48,53,10,4.122532849190943,0.0
rl,ppo | LDPC-DiscreteResidual-v0,48,53,11,4.524595247754992,0.0
rl,ppo | LDPC-DiscreteResidual-v0,48,54,0,4.332440368745479,0.0
rl,ppo | LDPC-DiscreteResidual-v0,48,54,1,4.24608393784969,0.0
rl,ppo | LDPC-DiscreteResidual-v0,48,54,2,4.035122279627402,0.0
rl,ppo | LDPC-DiscreteResidual-v0,48,54,3,4.274589181701081,0.0
rl,ppo | LDPC-DiscreteResidual-v0,48,54,4,4.277683701267653,0.0
rl,ppo | LDPC-DiscreteResidual-v0,48,54,5,4.29075749840852,0.0
rl,ppo | LDPC-DiscreteResidual-v0,48,54,6,4.494675271900407,0.0
rl,ppo | LDPC-DiscreteResidual-v0,48,54,7,4.762762835787541,0.0
rl,ppo | LDPC-DiscreteResidual-v0,48,54,8,4.25316699140053,0.0
rl,ppo | LDPC-DiscreteResidual-v0,48,54,9,4.353469575310231,0.0
rl,ppo | LDPC-DiscreteResidual-v0,48,54,10,4.122532849190943,0.0
rl,ppo | LDPC-DiscreteResidual-v0,48,54,11,4.524595247754992,0.0
rl,ppo | LDPC-DiscreteResidual-v0,48,55,0,4.332440368745479,0.0
rl,ppo | LDPC-DiscreteResidual-v0,48,55,1,4.24608393784969,0.0
rl,ppo | LDPC-DiscreteResidual-v0,48,55,2,4.035122279627402,0.0
rl,ppo | LDPC-DiscreteResidual-v0,48,55,3,4.274589181701081,0.0
rl,ppo | LDPC-DiscreteResidual-v0,48,55,4,4.277683701267653,0.0
rl,ppo | LDPC-DiscreteResidual-v0,48,55,5,4.29075749840852,0.0
rl,ppo | LDPC-DiscreteResidual-v0,48,55,6,4.494675271900407,0.0
rl,ppo | LDPC-DiscreteResidual-v0,48,55,7,4.762762835787541,0.0
rl,ppo | LDPC-DiscreteResidual-v0,48,55,8,4.25316699140053,0.0
rl,ppo | LDPC-DiscreteResidual-v0,48,55,9,4.353469575310231,0.0
rl,ppo | LDPC-DiscreteResidual-v0,48,55,10,4.122532849190943,0.0
rl,ppo | LDPC-DiscreteResidual-v0,48,55,11,4.524595247754992,0.0
rl,ppo | LDPC-DiscreteResidual-v0,48,56,0,4.332440368745479,0.0
rl,ppo | LDPC-DiscreteResidual-v0,48,56,1,4.24608393784969,0.0
rl,ppo | LDPC-DiscreteResidual-v0,48,56,2,4.035122279627402,0.0
rl,ppo | LDPC-DiscreteResidual-v0,48,56,3,4.274589181701081,0.0
rl,ppo | LDPC-DiscreteResidual-v0,48,56,4,4.277683701267653,0.0
rl,ppo | LDPC-DiscreteResidual-v0,48,56,5,4.29075749840852,0.0
rl,ppo | LDPC-DiscreteResidual-v0,48,56,6,4.494675271900407,0.0
rl,ppo | LDPC-DiscreteResidual-v0,48,56,7,4.762762835787541,0.0
rl,ppo | LDPC-DiscreteResidual-v0,48,56,8,4.25316699140053,0.0
rl,ppo | LDPC-DiscreteResidual-v0,48,56,9,4.353469575310231,0.0
rl,ppo | LDPC-DiscreteResidual-v0,48,56,10,4.122532849190943,0.0
rl,ppo | LDPC-DiscreteResidual-v0,48,56,11,4.524595247754992,0.0
rl,ppo | LDPC-DiscreteResidual-v0,48,57,0,4.332440368745479,0.0
rl,ppo | LDPC-DiscreteResidual-v0,48,57,1,4.24608393784969,0.0
rl,ppo | LDPC-DiscreteResidual-v0,48,57,2,4.035122279627402,0.0
rl,ppo | LDPC-DiscreteResidual-v0,48,57,3,4.274589181701081,0.0
rl,ppo | LDPC-DiscreteResidual-v0,48,57,4,4.277683701267653,0.0
rl,ppo | LDPC-DiscreteResidual-v0,48,57,5,4.29075749840852,0.0
rl,ppo | LDPC-DiscreteResidual-v0,48,57,6,4.494675271900407,0.0
rl,ppo | LDPC-DiscreteResidual-v0,48,57,7,4.762762835787541,0.0
rl,ppo | LDPC-DiscreteResidual-v0,48,57,8,4.25316699140053,0.0
rl,ppo | LDPC-DiscreteResidual-v0,48,57,9,4.353469575310231,0.0
rl,ppo | LDPC-DiscreteResidual-v0,48,57,10,4.122532849190943,0.0
rl,ppo | LDPC-DiscreteResidual-v0,48,57,11,4.524595247754992,0.0
rl,ppo | LDPC-DiscreteResidual-v0,48,58,0,4.332440368745479,0.0
rl,ppo | LDPC-DiscreteResidual-v0,48,58,1,4.24608393784969,0.0
rl,ppo | LDPC-DiscreteResidual-v0,48,58,2,4.035122279627402,0.0
rl,ppo | LDPC-DiscreteResidual-v0,48,58,3,4.274589181701081,0.0
rl,ppo | LDPC-DiscreteResidual-v0,48,58,4,4.277683701267653,0.0
rl,ppo | LDPC-DiscreteResidual-v0,48,58,5,4.29075749840852,0.0
rl,ppo | LDPC-DiscreteResidual-v0,48,58,6,4.494675271900407,0.0
rl,ppo | LDPC-DiscreteResidual-v0,48,58,7,4.762762835787541,0.0
rl,ppo | LDPC-DiscreteResidual-v0,48,58,8,4.25316699140053,0.0
rl,ppo | LDPC-DiscreteResidual-v0,48,58,9,4.353469575310231,0.0
rl,ppo | LDPC-DiscreteResidual-v0,48,58,10,4.122532849190943,0.0
rl,ppo | LDPC-DiscreteResidual-v0,48,58,11,4.524595247754992,0.0
rl,ppo | LDPC-DiscreteResidual-v0,48,59,0,4.332440368745479,0.0
rl,ppo | LDPC-DiscreteResidual-v0,48,59,1,4.24608393784969,0.0
rl,ppo | LDPC-DiscreteResidual-v0,48,59,2,4.035122279627402,0.0
rl,ppo | LDPC-DiscreteResidual-v0,48,59,3,4.274589181701081,0.0
rl,ppo | LDPC-DiscreteResidual-v0,48,59,4,4.277683701267653,0.0
rl,ppo | LDPC-DiscreteResidual-v0,48,59,5,4.29075749840852,0.0
rl,ppo | LDPC-DiscreteResidual-v0,48,59,6,4.494675271900407,0.0
rl,ppo | LDPC-DiscreteResidual-v0,48,59,7,4.762762835787541,0.0
rl,ppo | LDPC-DiscreteResidual-v0,48,59,8,4.25316699140053,0.0
rl,ppo | LDPC-DiscreteResidual-v0,48,59,9,4.353469575310231,0.0
rl,ppo | LDPC-DiscreteResidual-v0,48,59,10,4.122532849190943,0.0
rl,ppo | LDPC-DiscreteResidual-v0,48,59,11,4.524595247754992,0.0
rl,ppo | LDPC-DiscreteResidual-v0,48,60,0,4.332440368745479,0.0
rl,ppo | LDPC-DiscreteResidual-v0,48,60,1,4.24608393784969,0.0
rl,ppo | LDPC-DiscreteResidual-v0,48,60,2,4.035122279627402,0.0
rl,ppo | LDPC-DiscreteResidual-v0,48,60,3,4.274589181701081,0.0
rl,ppo | LDPC-DiscreteResidual-v0,48,60,4,4.277683701267653,0.0
rl,ppo | LDPC-DiscreteResidual-v0,48,60,5,4.29075749840852,0.0
rl,ppo | LDPC-DiscreteResidual-v0,48,60,6,4.494675271900407,0.0
rl,ppo | LDPC-DiscreteResidual-v0,48,60,7,4.762762835787541,0.0
rl,ppo | LDPC-DiscreteResidual-v0,48,60,8,4.25316699140053,0.0
rl,ppo | LDPC-DiscreteResidual-v0,48,60,9,4.353469575310231,0.0
rl,ppo | LDPC-DiscreteResidual-v0,48,60,10,4.122532849190943,0.0
rl,ppo | LDPC-DiscreteResidual-v0,48,60,11,4.524595247754992,0.0
