#{"t_start": 1765847988.766026, "env_id": "gymnasium_env/Decoder-v0"}
r,l,t
0.393099,10,4.905221
0.366269,10,4.931314
0.389544,10,4.958204
0.412216,10,4.976377
0.385102,10,5.005158
0.409121,10,5.023806
0.40188,10,5.051303
0.378373,10,5.066265
0.387677,10,5.084646
0.355196,10,5.10561
0.380694,10,5.145071
0.411061,10,5.162379
0.349933,10,5.177501
0.3905,10,5.197284
0.356395,10,5.213692
0.389377,10,5.232237
0.317191,10,5.262217
0.353685,10,5.285851
0.402406,10,5.300329
0.383412,10,5.315418
0.370136,10,5.333212
0.407451,10,5.353139
0.378815,10,5.367576
0.386478,10,5.384526
0.374729,10,5.400025
0.361582,10,5.415226
0.339766,10,5.43397
0.384841,10,5.459828
0.398498,10,5.475405
0.362297,10,5.491722
0.369546,10,5.508058
0.421898,10,5.530009
0.391786,10,5.545155
0.40657,10,5.566751
0.344319,10,5.590487
0.355542,10,5.608589
0.365997,10,5.628605
0.333501,10,5.644293
0.420471,10,5.666117
0.376072,10,5.68268
0.387859,10,5.696946
0.429914,10,5.714217
0.428028,10,5.732415
0.334329,10,5.747881
0.382174,10,5.774104
0.418418,10,5.809943
0.393593,10,5.852228
0.375039,10,5.877867
0.436197,10,5.897456
0.397538,10,5.920421
0.409196,10,5.968089
0.364555,10,6.016481
0.352685,10,6.049581
0.380655,10,6.097951
0.430561,10,6.143033
0.396648,10,6.197475
0.371764,10,6.241719
0.364767,10,6.297537
0.393071,10,6.347259
0.363712,10,6.373107
0.356399,10,6.400161
0.390722,10,6.429449
0.403051,10,6.453069
0.342758,10,6.475247
0.320712,10,6.51839
0.384758,10,6.570791
0.342275,10,6.611416
0.377041,10,6.660223
0.331606,10,6.690072
0.354014,10,6.722672
0.37127,10,6.7452
0.385246,10,6.779367
0.358455,10,6.814452
0.435543,10,6.837225
0.400568,10,6.867164
0.333841,10,6.892582
0.362767,10,6.932493
0.326693,10,6.95936
0.365524,10,7.017852
0.354943,10,7.047173
0.350045,10,7.06468
0.384429,10,7.081979
0.347778,10,7.098451
0.39044,10,7.124688
0.336107,10,7.141094
0.344717,10,7.155755
0.388336,10,7.180532
0.391189,10,7.199305
0.363379,10,7.216256
0.38422,10,7.236943
0.348826,10,7.251776
0.340557,10,7.280376
0.394997,10,7.295665
0.41587,10,7.315124
0.356055,10,7.336058
0.422614,10,7.350193
0.383287,10,7.365414
0.391825,10,7.381364
0.385493,10,7.39617
0.422196,10,7.418113
0.386617,10,7.448079
0.380319,10,7.474022
0.382812,10,7.496795
0.371993,10,7.515111
0.38137,10,7.534667
0.379929,10,7.549232
0.383767,10,7.565469
0.375567,10,7.580615
0.359733,10,7.596494
0.355504,10,7.613922
0.334865,10,7.629802
0.381746,10,7.652633
0.373659,10,7.677326
0.407278,10,7.692254
0.410175,10,7.709446
0.414207,10,7.724861
0.418732,10,7.743691
0.377221,10,7.760157
0.349342,10,7.776658
0.37289,10,7.790974
0.367928,10,7.808006
0.431904,10,7.844185
0.387408,10,7.870838
0.387161,10,7.889905
0.352295,10,7.905926
0.422896,10,7.9234
0.389722,10,7.947101
0.409673,10,7.968915
0.376341,10,7.985461
0.396292,10,8.021411
0.400188,10,8.069035
0.377342,10,8.107868
0.363558,10,8.165486
0.397251,10,8.203515
0.33793,10,8.235672
0.391103,10,8.284022
0.40776,10,8.321736
0.384378,10,8.350875
0.371793,10,8.40308
0.38518,10,8.443592
0.357045,10,8.473306
0.375028,10,8.49585
0.420032,10,8.527539
0.372825,10,8.545624
0.404456,10,8.563525
0.385699,10,8.59988
0.368287,10,8.6357
0.365449,10,8.651569
0.371385,10,8.679418
0.406178,10,8.705
0.36402,10,8.7276
0.37854,10,8.744261
0.360357,10,8.771329
0.355387,10,8.791675
0.405051,10,8.808193
0.419384,10,8.826576
0.388724,10,8.848519
0.391062,10,8.868302
0.434147,10,8.898959
0.348399,10,8.934288
0.385858,10,8.960348
0.369415,10,8.98421
0.381634,10,8.99907
0.381302,10,9.014692
0.372396,10,9.034931
0.405926,10,9.051231
0.384611,10,9.079629
0.404477,10,9.101621
0.413837,10,9.118379
0.382362,10,9.146297
0.364025,10,9.164122
0.397251,10,9.181256
0.364963,10,9.20151
0.405797,10,9.221262
0.387383,10,9.236686
0.332406,10,9.261874
0.380722,10,9.279041
0.345887,10,9.312411
0.385707,10,9.330657
0.372326,10,9.345891
0.379226,10,9.363328
0.349564,10,9.381052
0.376328,10,9.415382
0.395118,10,9.438401
0.380352,10,9.459382
0.42348,10,9.483747
0.349777,10,9.511572
0.355272,10,9.550886
0.361371,10,9.615791
0.42141,10,9.655571
0.411567,10,9.70532
0.392203,10,9.746493
0.338792,10,9.785397
0.336983,10,9.822034
0.342887,10,9.845338
0.337263,10,9.874998
0.435181,10,9.899336
0.358484,10,9.927123
0.367347,10,9.949543
0.414831,10,9.965816
0.401849,10,9.981724
0.330415,10,9.99589
0.379733,10,10.021271
0.356992,10,10.037504
0.378502,10,12.514994
0.355737,10,12.537653
0.377027,10,12.558347
0.361222,10,12.577128
0.411867,10,12.600127
0.369045,10,12.627809
0.376317,10,12.647619
0.374885,10,12.675329
0.30373,10,12.705128
0.331488,10,12.726159
0.362191,10,12.751642
0.356703,10,12.767179
0.353829,10,12.781944
0.354916,10,12.801514
0.415332,10,12.837119
0.401448,10,12.853618
0.357009,10,12.88084
0.36606,10,12.899264
0.373166,10,12.916698
0.417978,10,12.932124
0.40547,10,12.949576
0.384103,10,12.970409
0.385116,10,13.000396
0.393592,10,13.01721
0.394294,10,13.033461
0.343811,10,13.068347
0.353093,10,13.104272
0.39956,10,13.123043
0.338106,10,13.137491
0.343115,10,13.152014
0.373855,10,13.172061
0.398692,10,13.206546
0.35261,10,13.222121
0.384127,10,13.237231
0.389284,10,13.252739
0.399627,10,13.268875
0.382897,10,13.287185
0.342613,10,13.314052
0.407039,10,13.339467
0.365892,10,13.377581
0.372968,10,13.412472
0.437205,10,13.427719
0.412348,10,13.446125
0.409969,10,13.465205
0.392704,10,13.481374
0.401785,10,13.506394
0.390621,10,13.532425
0.368892,10,13.55529
0.386454,10,13.578838
0.381439,10,13.593984
0.38383,10,13.615198
0.411286,10,13.635442
0.436526,10,13.654346
0.372229,10,13.675513
0.371085,10,13.696251
0.360855,10,13.723272
0.385975,10,13.759315
0.395675,10,13.789901
0.390617,10,13.831406
0.38922,10,13.851847
0.406189,10,13.888515
0.355914,10,13.920599
0.389669,10,13.949825
0.343656,10,13.97687
0.383785,10,14.006199
0.41264,10,14.033512
0.377181,10,14.056171
0.401172,10,14.082396
0.349579,10,14.115027
0.329601,10,14.139998
0.362734,10,14.166364
0.369524,10,14.18817
0.385203,10,14.214973
0.356691,10,14.24042
0.390107,10,14.263452
0.378937,10,14.28507
0.384787,10,14.307581
0.403785,10,14.328279
0.415821,10,14.36546
0.339299,10,14.385959
0.374005,10,14.411259
0.415546,10,14.431199
0.346882,10,14.463287
0.389387,10,14.50045
0.377957,10,14.528511
0.420742,10,14.555755
0.364178,10,14.57741
0.369524,10,14.603801
0.343535,10,14.624516
0.370701,10,14.653179
0.359941,10,14.675879
0.404668,10,14.701403
0.389002,10,14.724162
0.376565,10,14.762015
0.432461,10,14.782518
0.366189,10,14.810793
0.361458,10,14.837724
0.378113,10,14.861773
0.371253,10,14.892808
0.422196,10,14.91425
0.381222,10,14.944927
0.362985,10,14.971135
0.365356,10,14.994761
0.354561,10,15.014948
0.390428,10,15.046134
0.421157,10,15.081565
0.32213,10,15.114651
0.362189,10,15.140516
0.369562,10,15.168186
0.383488,10,15.204009
0.380427,10,15.270788
0.380842,10,15.312436
0.354328,10,15.35337
0.359579,10,15.406752
0.369873,10,15.437039
0.351512,10,15.487059
0.386972,10,15.529086
0.344024,10,15.577318
0.382308,10,15.615541
0.417221,10,15.650103
0.398269,10,15.690633
0.361962,10,15.743618
0.41144,10,15.790164
0.315369,10,15.825834
0.37993,10,15.868613
0.398396,10,15.909823
0.394923,10,15.942974
0.391737,10,15.978248
0.395704,10,16.020871
0.426244,10,16.068474
0.413429,10,16.11166
0.416132,10,16.143992
0.370274,10,16.19359
0.366683,10,16.228639
0.420636,10,16.269016
0.350864,10,16.305587
0.384786,10,16.338197
0.393896,10,16.370118
0.378817,10,16.415186
0.356807,10,16.448614
0.352159,10,16.482801
0.419229,10,16.523964
0.379489,10,16.58315
0.323864,10,16.628667
0.402452,10,16.665136
0.345143,10,16.719731
0.402421,10,16.774989
0.41298,10,16.819907
0.381673,10,16.8557
0.411179,10,16.895752
0.33636,10,16.948096
0.39924,10,16.992511
0.397659,10,17.034922
0.405331,10,17.076972
0.355328,10,17.115701
0.434881,10,17.152693
0.373232,10,17.190279
0.391462,10,17.2296
0.391335,10,17.277763
0.370969,10,17.317078
0.432548,10,17.358182
0.36052,10,17.38862
0.399839,10,17.421983
0.39899,10,17.471588
0.336357,10,17.512454
0.38482,10,17.550012
0.322486,10,17.582265
0.352779,10,17.617664
0.396966,10,17.661831
0.362727,10,17.696891
0.381095,10,17.731618
0.375951,10,17.781987
0.384557,10,17.837305
0.355671,10,17.879155
0.399488,10,17.919708
0.37753,10,17.958848
0.387439,10,18.008211
0.363901,10,18.060165
0.38473,10,18.110168
0.341682,10,18.150977
0.392739,10,18.193496
0.392457,10,18.242705
0.383395,10,18.299877
0.331386,10,18.336087
0.378538,10,18.396049
0.391481,10,18.435628
0.377681,10,18.475805
0.383293,10,18.520483
0.410843,10,18.55591
0.337648,10,18.602338
0.371017,10,18.637714
0.363769,10,18.67903
0.386539,10,18.715465
0.374555,10,18.752321
0.387222,10,18.795826
0.360605,10,18.842478
0.418615,10,18.887133
0.359617,10,18.926028
0.369383,10,18.963793
0.378284,10,19.007604
0.369114,10,19.042467
0.393908,10,19.089978
0.381481,10,19.125454
0.356043,10,19.171093
0.404396,10,19.215343
0.412925,10,22.41601
0.353802,10,22.449292
0.358757,10,22.481667
0.425847,10,22.515392
0.336204,10,22.546077
0.423225,10,22.593705
0.388619,10,22.623168
0.392546,10,22.653989
0.400021,10,22.689894
0.397037,10,22.739151
0.373809,10,22.793809
0.386075,10,22.826303
0.360423,10,22.868696
0.417014,10,22.901335
0.397229,10,22.933785
0.402542,10,22.964436
0.409182,10,23.007321
0.389192,10,23.045304
0.380191,10,23.08264
0.424365,10,23.115939
0.427415,10,23.165024
0.373519,10,23.208395
0.366077,10,23.254278
0.387242,10,23.290906
0.348934,10,23.347632
0.352848,10,23.393162
0.38799,10,23.45034
0.341365,10,23.493497
0.390824,10,23.533922
0.370408,10,23.569405
0.418317,10,23.623904
0.356649,10,23.66036
0.415059,10,23.693434
0.365413,10,23.745627
0.370742,10,23.796666
0.386539,10,23.836012
0.387004,10,23.871115
0.413709,10,23.900205
0.393988,10,23.941553
0.396586,10,23.982704
0.365656,10,24.018695
0.359225,10,24.068175
0.3624,10,24.104061
0.394708,10,24.142023
0.378899,10,24.195595
0.339159,10,24.243117
0.399523,10,24.279234
0.390868,10,24.312189
0.386777,10,24.350919
0.367567,10,24.385509
0.374468,10,24.415143
0.391176,10,24.471149
0.317092,10,24.517507
0.389474,10,24.559078
0.398947,10,24.599601
0.400363,10,24.646068
0.361627,10,24.699258
0.396845,10,24.743207
0.426418,10,24.780931
0.351819,10,24.827006
0.395821,10,24.869823
0.364413,10,24.904105
0.369746,10,24.945745
0.39093,10,24.97947
0.43179,10,25.01305
0.342407,10,25.05124
0.384203,10,25.089625
0.375969,10,25.130255
0.39358,10,25.170691
0.385768,10,25.203972
0.418001,10,25.237806
0.339156,10,25.277298
0.398042,10,25.313375
0.355506,10,25.368219
0.367062,10,25.422404
0.406395,10,25.47582
0.345016,10,25.522794
0.364184,10,25.564204
0.435287,10,25.602365
0.381576,10,25.653287
0.373759,10,25.70277
0.398759,10,25.741074
0.42904,10,25.785135
0.330243,10,25.81845
0.423262,10,25.855585
0.362621,10,25.904128
0.327749,10,25.949496
0.418681,10,25.995064
0.372123,10,26.039941
0.382554,10,26.097655
0.363416,10,26.152075
0.349794,10,26.196302
0.384458,10,26.235848
0.334938,10,26.27668
0.33504,10,26.3112
0.409893,10,26.348634
0.389964,10,26.394941
0.41318,10,26.429295
0.383691,10,26.461761
0.387737,10,26.500355
0.327648,10,26.532283
0.354839,10,26.56897
0.379046,10,26.614999
0.305436,10,26.661663
0.389777,10,26.713863
0.379847,10,26.763047
0.351654,10,26.801714
0.381596,10,26.833725
0.424722,10,26.87452
0.364377,10,26.929954
0.390779,10,26.972838
0.385628,10,27.022958
0.403632,10,27.067147
0.369121,10,27.121245
0.392347,10,27.154089
0.337562,10,27.189703
0.368186,10,27.230849
0.376975,10,27.273751
0.379617,10,27.310905
0.388912,10,27.35445
0.391946,10,27.38922
0.367022,10,27.439417
0.438194,10,27.491748
0.375948,10,27.535254
0.401031,10,27.581232
0.367582,10,27.624569
0.370869,10,27.663914
0.382113,10,27.71693
0.403452,10,27.75125
0.344633,10,27.789495
0.407566,10,27.843218
0.429278,10,27.88702
0.376835,10,27.926712
0.397342,10,27.966512
0.40247,10,28.016675
0.413232,10,28.055967
0.405462,10,28.09585
0.366535,10,28.143756
0.348781,10,28.196711
0.376193,10,28.232795
0.373291,10,28.265746
0.367006,10,28.321427
0.346058,10,28.385081
0.348465,10,28.434798
0.389854,10,28.471477
0.392934,10,28.51026
0.338855,10,28.555686
0.37319,10,28.595537
0.4067,10,28.652075
0.400051,10,28.696681
0.366215,10,28.742584
0.394396,10,28.791963
0.380243,10,28.852348
0.376472,10,28.907834
0.368589,10,28.962272
0.380085,10,29.005506
0.373469,10,29.041395
0.419248,10,29.085394
0.349012,10,29.125305
0.343807,10,29.166778
0.369963,10,29.207892
0.407782,10,29.261101
0.40937,10,29.304488
0.42172,10,29.361857
0.392518,10,29.412673
0.397073,10,29.457663
0.394582,10,29.500988
0.37436,10,29.540619
0.378727,10,29.591327
0.319041,10,29.63254
0.389333,10,29.685075
0.389577,10,29.74359
0.37074,10,29.793918
0.386188,10,29.835154
0.417931,10,29.89248
0.348598,10,29.932537
0.377321,10,29.970342
0.366269,10,30.011734
0.387367,10,30.059804
0.393957,10,30.120549
0.346344,10,30.241325
0.382077,10,30.325067
0.396945,10,30.380034
0.347879,10,30.42553
0.380407,10,30.468713
0.337146,10,30.522799
0.393358,10,30.613399
0.395133,10,30.691326
0.40716,10,30.770275
0.370017,10,30.821761
0.302541,10,30.946765
0.405716,10,31.015956
0.372031,10,31.108213
0.372462,10,31.165737
0.347768,10,31.219823
0.391975,10,31.260746
0.344275,10,31.31273
0.405387,10,31.38073
0.427066,10,31.424501
0.38874,10,31.487725
0.410682,10,31.557661
0.425448,10,31.610143
0.432218,10,31.66208
0.383493,10,31.720287
0.393162,10,31.794039
0.37608,10,35.594962
0.399365,10,35.641654
0.417448,10,35.703815
0.414577,10,35.76879
0.362131,10,35.817863
0.438269,10,35.872374
0.424,10,35.917857
0.39518,10,35.974114
0.383239,10,36.035319
0.383116,10,36.123824
0.390398,10,36.191159
0.417126,10,36.237458
0.399748,10,36.280427
0.416477,10,36.341
0.413758,10,36.389439
0.399128,10,36.444545
0.3502,10,36.483001
0.338881,10,36.544012
0.35066,10,36.599059
0.390604,10,36.640721
0.421049,10,36.677338
0.408988,10,36.735622
0.402012,10,36.770961
0.380612,10,36.808214
0.41706,10,36.854743
0.386662,10,36.908285
0.411339,10,36.96331
0.377366,10,37.008544
0.37469,10,37.065215
0.405337,10,37.108837
0.390643,10,37.15213
0.405992,10,37.192422
0.386653,10,37.236483
0.39075,10,37.274091
0.404032,10,37.326583
0.383887,10,37.371736
0.381807,10,37.41919
0.37899,10,37.466466
0.429431,10,37.501722
0.364691,10,37.537063
0.364102,10,37.579735
0.38106,10,37.627722
0.350463,10,37.674924
0.402926,10,37.714967
0.385281,10,37.757174
0.35271,10,37.817064
0.349653,10,37.864571
0.387288,10,37.902509
0.399924,10,37.946587
0.400417,10,37.985794
0.358837,10,38.040962
0.398371,10,38.095333
0.36688,10,38.137511
0.403558,10,38.181432
0.383131,10,38.217355
0.396103,10,38.270317
0.424102,10,38.324425
0.38457,10,38.361571
0.425521,10,38.406971
0.387875,10,38.450648
0.39814,10,38.489234
0.37842,10,38.539471
0.427042,10,38.583169
0.364566,10,38.628838
0.376539,10,38.674239
0.363452,10,38.728092
0.346304,10,38.762748
0.401383,10,38.824944
0.33229,10,38.862022
0.434604,10,38.909621
0.358865,10,38.967276
0.375748,10,39.012614
0.394467,10,39.060504
0.372594,10,39.119164
0.367316,10,39.166368
0.407003,10,39.217258
0.413912,10,39.269745
0.390525,10,39.317826
0.435359,10,39.365356
0.324671,10,39.420511
0.365771,10,39.464852
0.36972,10,39.51924
0.393587,10,39.565025
0.383351,10,39.601807
0.417806,10,39.644589
0.393137,10,39.689786
0.426668,10,39.733572
0.409522,10,39.768319
0.391127,10,39.825473
0.373273,10,39.859924
0.336841,10,39.893324
0.358122,10,39.944519
0.41752,10,39.993957
0.343971,10,40.035998
0.40215,10,40.086101
0.404908,10,40.13555
0.35601,10,40.176952
0.395254,10,40.232981
0.392247,10,40.312168
0.33936,10,40.362803
0.403774,10,40.411236
0.384167,10,40.45469
0.425161,10,40.502958
0.367315,10,40.553604
0.383039,10,40.588779
0.366686,10,40.642543
0.37635,10,40.685324
0.399915,10,40.720921
0.322769,10,40.763278
0.380651,10,40.799798
0.410329,10,40.836215
0.417979,10,40.889979
0.389776,10,40.932564
0.431568,10,40.986436
0.419018,10,41.019995
0.428377,10,41.070075
0.403256,10,41.111517
0.380006,10,41.15438
0.388454,10,41.20171
0.397033,10,41.258502
0.382633,10,41.293489
0.414854,10,41.335164
0.407825,10,41.375667
0.418404,10,41.423919
0.400664,10,41.461819
0.392982,10,41.495359
0.420779,10,41.536488
0.40137,10,41.587367
0.360993,10,41.635188
0.381629,10,41.689499
0.370769,10,41.743233
0.389512,10,41.805126
0.372201,10,41.856971
0.413869,10,41.90719
0.404091,10,41.946678
0.35049,10,41.984389
0.389029,10,42.035014
0.364172,10,42.075587
0.37223,10,42.115149
0.376315,10,42.150638
0.355588,10,42.190975
0.375825,10,42.22789
0.382691,10,42.268989
0.352023,10,42.31301
0.407938,10,42.355572
0.367546,10,42.395392
0.356689,10,42.450307
0.41315,10,42.513403
0.364412,10,42.564389
0.412349,10,42.607649
0.394653,10,42.668301
0.403213,10,42.724245
0.411635,10,42.767106
0.428074,10,42.810938
0.422141,10,42.850114
0.356891,10,42.900348
0.392301,10,42.936389
0.390846,10,42.983417
0.369759,10,43.026502
0.362982,10,43.064593
0.365654,10,43.099672
0.354074,10,43.157886
0.400239,10,43.209838
0.410592,10,43.27048
0.41153,10,43.325172
0.383765,10,43.366715
0.348038,10,43.400362
0.367648,10,43.459965
0.412989,10,43.507082
0.35525,10,43.555375
0.403212,10,43.592067
0.411369,10,43.645272
0.375091,10,43.700894
0.366661,10,43.745429
0.418962,10,43.789791
0.389649,10,43.839641
0.402533,10,43.89732
0.396794,10,43.97218
0.358002,10,44.044989
0.400158,10,44.103543
0.373421,10,44.170191
0.31242,10,44.211676
0.397944,10,44.275509
0.400431,10,44.335289
0.418576,10,44.381799
0.343617,10,44.428663
0.382764,10,44.489185
0.414677,10,44.537995
0.394216,10,44.601562
0.382502,10,44.665324
0.390562,10,44.736361
0.370973,10,44.796322
0.37633,10,44.844667
0.348104,10,44.911689
0.35144,10,44.968261
0.3816,10,45.013187
0.38009,10,45.070845
0.352265,10,45.113994
0.377661,10,45.174325
0.393666,10,45.211711
0.383502,10,45.248129
0.430643,10,45.295808
0.413106,10,45.338547
0.367916,10,45.393012
0.356361,10,45.446851
0.384772,10,48.937313
0.407579,10,48.976862
0.396985,10,49.02629
0.399559,10,49.081122
0.404505,10,49.120898
0.400549,10,49.164745
0.419378,10,49.211571
0.407782,10,49.272309
0.435556,10,49.321233
0.353377,10,49.363649
0.396075,10,49.407299
0.401601,10,49.455089
0.414011,10,49.505023
0.3821,10,49.546537
0.40653,10,49.585647
0.419778,10,49.627429
0.374321,10,49.667529
0.447385,10,49.712504
0.417238,10,49.755042
0.397853,10,49.802069
0.421629,10,49.847409
0.392864,10,49.905832
0.338292,10,49.939462
0.384859,10,49.978024
0.405823,10,50.034689
0.412103,10,50.087008
0.340713,10,50.129463
0.3632,10,50.164911
0.402515,10,50.198185
0.355115,10,50.241522
0.424791,10,50.287633
0.39976,10,50.33307
0.402237,10,50.372891
0.427329,10,50.408977
0.395399,10,50.450615
0.364765,10,50.50506
0.420453,10,50.546046
0.431667,10,50.58749
0.385017,10,50.623935
0.374796,10,50.664469
0.388648,10,50.700824
0.404376,10,50.740272
0.382001,10,50.781597
0.358278,10,50.827782
0.392045,10,50.863719
0.393177,10,50.897276
0.396838,10,50.94596
0.416331,10,50.98313
0.38142,10,51.01959
0.413561,10,51.065673
0.416212,10,51.117729
0.386131,10,51.168034
0.353008,10,51.224121
0.380669,10,51.272009
0.417295,10,51.308284
0.404914,10,51.3498
0.391063,10,51.399405
0.384564,10,51.440365
0.390241,10,51.479588
0.446592,10,51.515485
0.415342,10,51.557919
0.380818,10,51.593498
0.381769,10,51.653834
0.410901,10,51.695458
0.380586,10,51.732791
0.422241,10,51.778187
0.407641,10,51.818571
0.403371,10,51.865818
0.378489,10,51.905481
0.385064,10,51.941955
0.3743,10,51.990524
0.409308,10,52.0289
0.415077,10,52.075421
0.375788,10,52.116052
0.407903,10,52.154277
0.386416,10,52.205758
0.394429,10,52.245914
0.422646,10,52.285802
0.357393,10,52.325784
0.340805,10,52.361605
0.331858,10,52.407441
0.360716,10,52.440187
0.368809,10,52.48663
0.343356,10,52.552016
0.436968,10,52.601403
0.378935,10,52.645253
0.413426,10,52.711335
0.3874,10,52.772824
0.407144,10,52.817959
0.396084,10,52.851352
0.390007,10,52.904555
0.368386,10,52.941028
0.410506,10,52.97487
0.396563,10,53.024201
0.3587,10,53.059081
0.37494,10,53.098393
0.420958,10,53.134288
0.396687,10,53.176533
0.412953,10,53.230337
0.377573,10,53.272554
0.399427,10,53.334687
0.38475,10,53.37987
0.375096,10,53.431122
0.3678,10,53.492543
0.405954,10,53.549322
0.335298,10,53.587896
0.37395,10,53.636268
0.316806,10,53.685931
0.370549,10,53.726746
0.379902,10,53.769331
0.382505,10,53.81624
0.362719,10,53.854903
0.338403,10,53.88753
0.384736,10,53.938598
0.407471,10,53.976502
0.394599,10,54.027028
0.397497,10,54.070939
0.386238,10,54.109726
0.382181,10,54.164952
0.367779,10,54.222068
0.386437,10,54.274715
0.430959,10,54.335083
0.417988,10,54.376163
0.395391,10,54.424903
0.439084,10,54.464572
0.383225,10,54.498601
0.424777,10,54.546924
0.436661,10,54.596881
0.363349,10,54.649147
0.400064,10,54.686996
0.397867,10,54.732373
0.416598,10,54.777642
0.36182,10,54.825616
0.429427,10,54.876591
0.384468,10,54.913611
0.386231,10,54.961614
0.424286,10,55.015297
0.355061,10,55.067869
0.39277,10,55.104327
0.418951,10,55.15368
0.368186,10,55.206151
0.370373,10,55.243316
0.362346,10,55.290205
0.363488,10,55.336267
0.385032,10,55.379004
0.402397,10,55.436426
0.380167,10,55.489766
0.402993,10,55.526322
0.378685,10,55.580704
0.379856,10,55.620645
0.37125,10,55.672476
0.373147,10,55.707986
0.36603,10,55.747699
0.347115,10,55.789571
0.401979,10,55.82647
0.412705,10,55.876812
0.372746,10,55.919614
0.38895,10,55.971795
0.397581,10,56.022449
0.39154,10,56.0779
0.38153,10,56.119557
0.388163,10,56.166435
0.384571,10,56.226478
0.393929,10,56.262711
0.392859,10,56.305029
0.405466,10,56.343026
0.388059,10,56.384752
0.362995,10,56.438583
0.368759,10,56.488307
0.422793,10,56.544647
0.432221,10,56.577423
0.422432,10,56.625195
0.41082,10,56.675814
0.380161,10,56.737282
0.405368,10,56.792035
0.357073,10,56.849571
0.363027,10,56.910431
0.384227,10,56.951476
0.423539,10,57.005749
0.383436,10,57.055028
0.382705,10,57.093725
0.42625,10,57.131654
0.398199,10,57.178532
0.391497,10,57.23932
0.36693,10,57.296885
0.389489,10,57.345931
0.349414,10,57.387426
0.369019,10,57.433707
0.433954,10,57.473758
0.392759,10,57.522545
0.403502,10,57.556942
0.388025,10,57.615227
0.365138,10,57.650888
0.338249,10,57.698991
0.373839,10,57.739379
0.38483,10,57.779003
0.404545,10,57.819562
0.377156,10,57.865411
0.407586,10,57.91308
0.419516,10,57.961918
0.385998,10,57.999995
0.384586,10,58.042719
0.37675,10,58.082996
0.369046,10,58.121871
0.389434,10,58.179038
