source,mode,cluster_size,iteration,cluster_id,max_abs_llr,snr_db
rl,ppo | LDPC-DiscreteResidual-v0,48,0,0,11.462914717273524,0.0
rl,ppo | LDPC-DiscreteResidual-v0,48,0,1,10.392095357462132,0.0
rl,ppo | LDPC-DiscreteResidual-v0,48,0,2,12.092320047961632,0.0
rl,ppo | LDPC-DiscreteResidual-v0,48,0,3,11.462914717273524,0.0
rl,ppo | LDPC-DiscreteResidual-v0,48,0,4,11.338765464649214,0.0
rl,ppo | LDPC-DiscreteResidual-v0,48,0,5,12.092320047961632,0.0
rl,ppo | LDPC-DiscreteResidual-v0,48,0,6,12.092320047961632,0.0
rl,ppo | LDPC-DiscreteResidual-v0,48,0,7,11.462914717273524,0.0
rl,ppo | LDPC-DiscreteResidual-v0,48,0,8,10.357158812806643,0.0
rl,ppo | LDPC-DiscreteResidual-v0,48,0,9,10.357158812806643,0.0
rl,ppo | LDPC-DiscreteResidual-v0,48,0,10,11.338765464649214,0.0
rl,ppo | LDPC-DiscreteResidual-v0,48,0,11,11.101647021092171,0.0
rl,ppo | LDPC-DiscreteResidual-v0,48,1,0,11.462914717273524,0.0
rl,ppo | LDPC-DiscreteResidual-v0,48,1,1,10.820030791833673,0.0
rl,ppo | LDPC-DiscreteResidual-v0,48,1,2,13.85051380179339,0.0
rl,ppo | LDPC-DiscreteResidual-v0,48,1,3,11.462914717273524,0.0
rl,ppo | LDPC-DiscreteResidual-v0,48,1,4,11.703715148280104,0.0
rl,ppo | LDPC-DiscreteResidual-v0,48,1,5,13.85051380179339,0.0
rl,ppo | LDPC-DiscreteResidual-v0,48,1,6,13.85051380179339,0.0
rl,ppo | LDPC-DiscreteResidual-v0,48,1,7,11.462914717273524,0.0
rl,ppo | LDPC-DiscreteResidual-v0,48,1,8,10.820030791833673,0.0
rl,ppo | LDPC-DiscreteResidual-v0,48,1,9,10.820030791833673,0.0
rl,ppo | LDPC-DiscreteResidual-v0,48,1,10,11.338765464649214,0.0
rl,ppo | LDPC-DiscreteResidual-v0,48,1,11,11.101647021092171,0.0
rl,ppo | LDPC-DiscreteResidual-v0,48,2,0,11.462914717273524,0.0
rl,ppo | LDPC-DiscreteResidual-v0,48,2,1,10.820030791833673,0.0
rl,ppo | LDPC-DiscreteResidual-v0,48,2,2,13.85051380179339,0.0
rl,ppo | LDPC-DiscreteResidual-v0,48,2,3,11.462914717273524,0.0
rl,ppo | LDPC-DiscreteResidual-v0,48,2,4,11.703715148280104,0.0
rl,ppo | LDPC-DiscreteResidual-v0,48,2,5,13.85051380179339,0.0
rl,ppo | LDPC-DiscreteResidual-v0,48,2,6,13.85051380179339,0.0
rl,ppo | LDPC-DiscreteResidual-v0,48,2,7,11.462914717273524,0.0
rl,ppo | LDPC-DiscreteResidual-v0,48,2,8,10.820030791833673,0.0
rl,ppo | LDPC-DiscreteResidual-v0,48,2,9,10.820030791833673,0.0
rl,ppo | LDPC-DiscreteResidual-v0,48,2,10,11.338765464649214,0.0
rl,ppo | LDPC-DiscreteResidual-v0,48,2,11,11.101647021092171,0.0
rl,ppo | LDPC-DiscreteResidual-v0,48,3,0,11.462914717273524,0.0
rl,ppo | LDPC-DiscreteResidual-v0,48,3,1,10.820030791833673,0.0
rl,ppo | LDPC-DiscreteResidual-v0,48,3,2,13.85051380179339,0.0
rl,ppo | LDPC-DiscreteResidual-v0,48,3,3,11.462914717273524,0.0
rl,ppo | LDPC-DiscreteResidual-v0,48,3,4,11.703715148280104,0.0
rl,ppo | LDPC-DiscreteResidual-v0,48,3,5,13.85051380179339,0.0
rl,ppo | LDPC-DiscreteResidual-v0,48,3,6,13.85051380179339,0.0
rl,ppo | LDPC-DiscreteResidual-v0,48,3,7,11.462914717273524,0.0
rl,ppo | LDPC-DiscreteResidual-v0,48,3,8,10.820030791833673,0.0
rl,ppo | LDPC-DiscreteResidual-v0,48,3,9,10.820030791833673,0.0
rl,ppo | LDPC-DiscreteResidual-v0,48,3,10,11.338765464649214,0.0
rl,ppo | LDPC-DiscreteResidual-v0,48,3,11,11.101647021092171,0.0
rl,ppo | LDPC-DiscreteResidual-v0,48,4,0,11.462914717273524,0.0
rl,ppo | LDPC-DiscreteResidual-v0,48,4,1,10.820030791833673,0.0
rl,ppo | LDPC-DiscreteResidual-v0,48,4,2,13.85051380179339,0.0
rl,ppo | LDPC-DiscreteResidual-v0,48,4,3,11.462914717273524,0.0
rl,ppo | LDPC-DiscreteResidual-v0,48,4,4,11.703715148280104,0.0
rl,ppo | LDPC-DiscreteResidual-v0,48,4,5,13.85051380179339,0.0
rl,ppo | LDPC-DiscreteResidual-v0,48,4,6,13.85051380179339,0.0
rl,ppo | LDPC-DiscreteResidual-v0,48,4,7,11.462914717273524,0.0
rl,ppo | LDPC-DiscreteResidual-v0,48,4,8,10.820030791833673,0.0
rl,ppo | LDPC-DiscreteResidual-v0,48,4,9,10.820030791833673,0.0
rl,ppo | LDPC-DiscreteResidual-v0,48,4,10,11.338765464649214,0.0
rl,ppo | LDPC-DiscreteResidual-v0,48,4,11,11.101647021092171,0.0
rl,ppo | LDPC-DiscreteResidual-v0,48,5,0,11.462914717273524,0.0
rl,ppo | LDPC-DiscreteResidual-v0,48,5,1,10.820030791833673,0.0
rl,ppo | LDPC-DiscreteResidual-v0,48,5,2,13.85051380179339,0.0
rl,ppo | LDPC-DiscreteResidual-v0,48,5,3,11.462914717273524,0.0
rl,ppo | LDPC-DiscreteResidual-v0,48,5,4,11.703715148280104,0.0
rl,ppo | LDPC-DiscreteResidual-v0,48,5,5,13.85051380179339,0.0
rl,ppo | LDPC-DiscreteResidual-v0,48,5,6,13.85051380179339,0.0
rl,ppo | LDPC-DiscreteResidual-v0,48,5,7,11.462914717273524,0.0
rl,ppo | LDPC-DiscreteResidual-v0,48,5,8,10.820030791833673,0.0
rl,ppo | LDPC-DiscreteResidual-v0,48,5,9,10.820030791833673,0.0
rl,ppo | LDPC-DiscreteResidual-v0,48,5,10,11.338765464649214,0.0
rl,ppo | LDPC-DiscreteResidual-v0,48,5,11,11.101647021092171,0.0
rl,ppo | LDPC-DiscreteResidual-v0,48,6,0,11.462914717273524,0.0
rl,ppo | LDPC-DiscreteResidual-v0,48,6,1,10.820030791833673,0.0
rl,ppo | LDPC-DiscreteResidual-v0,48,6,2,13.85051380179339,0.0
rl,ppo | LDPC-DiscreteResidual-v0,48,6,3,11.462914717273524,0.0
rl,ppo | LDPC-DiscreteResidual-v0,48,6,4,11.703715148280104,0.0
rl,ppo | LDPC-DiscreteResidual-v0,48,6,5,13.85051380179339,0.0
rl,ppo | LDPC-DiscreteResidual-v0,48,6,6,13.85051380179339,0.0
rl,ppo | LDPC-DiscreteResidual-v0,48,6,7,11.462914717273524,0.0
rl,ppo | LDPC-DiscreteResidual-v0,48,6,8,10.820030791833673,0.0
rl,ppo | LDPC-DiscreteResidual-v0,48,6,9,10.820030791833673,0.0
rl,ppo | LDPC-DiscreteResidual-v0,48,6,10,11.338765464649214,0.0
rl,ppo | LDPC-DiscreteResidual-v0,48,6,11,11.101647021092171,0.0
rl,ppo | LDPC-DiscreteResidual-v0,48,7,0,11.462914717273524,0.0
rl,ppo | LDPC-DiscreteResidual-v0,48,7,1,10.820030791833673,0.0
rl,ppo | LDPC-DiscreteResidual-v0,48,7,2,13.85051380179339,0.0
rl,ppo | LDPC-DiscreteResidual-v0,48,7,3,11.462914717273524,0.0
rl,ppo | LDPC-DiscreteResidual-v0,48,7,4,11.703715148280104,0.0
rl,ppo | LDPC-DiscreteResidual-v0,48,7,5,13.85051380179339,0.0
rl,ppo | LDPC-DiscreteResidual-v0,48,7,6,13.85051380179339,0.0
rl,ppo | LDPC-DiscreteResidual-v0,48,7,7,11.462914717273524,0.0
rl,ppo | LDPC-DiscreteResidual-v0,48,7,8,10.820030791833673,0.0
rl,ppo | LDPC-DiscreteResidual-v0,48,7,9,10.820030791833673,0.0
rl,ppo | LDPC-DiscreteResidual-v0,48,7,10,11.338765464649214,0.0
rl,ppo | LDPC-DiscreteResidual-v0,48,7,11,11.101647021092171,0.0
rl,ppo | LDPC-DiscreteResidual-v0,48,8,0,11.462914717273524,0.0
rl,ppo | LDPC-DiscreteResidual-v0,48,8,1,10.820030791833673,0.0
rl,ppo | LDPC-DiscreteResidual-v0,48,8,2,13.85051380179339,0.0
rl,ppo | LDPC-DiscreteResidual-v0,48,8,3,11.462914717273524,0.0
rl,ppo | LDPC-DiscreteResidual-v0,48,8,4,11.703715148280104,0.0
rl,ppo | LDPC-DiscreteResidual-v0,48,8,5,13.85051380179339,0.0
rl,ppo | LDPC-DiscreteResidual-v0,48,8,6,13.85051380179339,0.0
rl,ppo | LDPC-DiscreteResidual-v0,48,8,7,11.462914717273524,0.0
rl,ppo | LDPC-DiscreteResidual-v0,48,8,8,10.820030791833673,0.0
rl,ppo | LDPC-DiscreteResidual-v0,48,8,9,10.820030791833673,0.0
rl,ppo | LDPC-DiscreteResidual-v0,48,8,10,11.338765464649214,0.0
rl,ppo | LDPC-DiscreteResidual-v0,48,8,11,11.101647021092171,0.0
rl,ppo | LDPC-DiscreteResidual-v0,48,9,0,11.462914717273524,0.0
rl,ppo | LDPC-DiscreteResidual-v0,48,9,1,10.820030791833673,0.0
rl,ppo | LDPC-DiscreteResidual-v0,48,9,2,13.85051380179339,0.0
rl,ppo | LDPC-DiscreteResidual-v0,48,9,3,11.462914717273524,0.0
rl,ppo | LDPC-DiscreteResidual-v0,48,9,4,11.703715148280104,0.0
rl,ppo | LDPC-DiscreteResidual-v0,48,9,5,13.85051380179339,0.0
rl,ppo | LDPC-DiscreteResidual-v0,48,9,6,13.85051380179339,0.0
rl,ppo | LDPC-DiscreteResidual-v0,48,9,7,11.462914717273524,0.0
rl,ppo | LDPC-DiscreteResidual-v0,48,9,8,10.820030791833673,0.0
rl,ppo | LDPC-DiscreteResidual-v0,48,9,9,10.820030791833673,0.0
rl,ppo | LDPC-DiscreteResidual-v0,48,9,10,11.338765464649214,0.0
rl,ppo | LDPC-DiscreteResidual-v0,48,9,11,11.101647021092171,0.0
rl,ppo | LDPC-DiscreteResidual-v0,48,10,0,11.462914717273524,0.0
rl,ppo | LDPC-DiscreteResidual-v0,48,10,1,10.820030791833673,0.0
rl,ppo | LDPC-DiscreteResidual-v0,48,10,2,13.85051380179339,0.0
rl,ppo | LDPC-DiscreteResidual-v0,48,10,3,11.462914717273524,0.0
rl,ppo | LDPC-DiscreteResidual-v0,48,10,4,11.703715148280104,0.0
rl,ppo | LDPC-DiscreteResidual-v0,48,10,5,13.85051380179339,0.0
rl,ppo | LDPC-DiscreteResidual-v0,48,10,6,13.85051380179339,0.0
rl,ppo | LDPC-DiscreteResidual-v0,48,10,7,11.462914717273524,0.0
rl,ppo | LDPC-DiscreteResidual-v0,48,10,8,10.820030791833673,0.0
rl,ppo | LDPC-DiscreteResidual-v0,48,10,9,10.820030791833673,0.0
rl,ppo | LDPC-DiscreteResidual-v0,48,10,10,11.338765464649214,0.0
rl,ppo | LDPC-DiscreteResidual-v0,48,10,11,11.101647021092171,0.0
rl,ppo | LDPC-DiscreteResidual-v0,48,11,0,11.462914717273524,0.0
rl,ppo | LDPC-DiscreteResidual-v0,48,11,1,10.820030791833673,0.0
rl,ppo | LDPC-DiscreteResidual-v0,48,11,2,13.85051380179339,0.0
rl,ppo | LDPC-DiscreteResidual-v0,48,11,3,11.462914717273524,0.0
rl,ppo | LDPC-DiscreteResidual-v0,48,11,4,11.703715148280104,0.0
rl,ppo | LDPC-DiscreteResidual-v0,48,11,5,13.85051380179339,0.0
rl,ppo | LDPC-DiscreteResidual-v0,48,11,6,13.85051380179339,0.0
rl,ppo | LDPC-DiscreteResidual-v0,48,11,7,11.462914717273524,0.0
rl,ppo | LDPC-DiscreteResidual-v0,48,11,8,10.820030791833673,0.0
rl,ppo | LDPC-DiscreteResidual-v0,48,11,9,10.820030791833673,0.0
rl,ppo | LDPC-DiscreteResidual-v0,48,11,10,11.338765464649214,0.0
rl,ppo | LDPC-DiscreteResidual-v0,48,11,11,11.101647021092171,0.0
rl,ppo | LDPC-DiscreteResidual-v0,48,12,0,11.462914717273524,0.0
rl,ppo | LDPC-DiscreteResidual-v0,48,12,1,10.820030791833673,0.0
rl,ppo | LDPC-DiscreteResidual-v0,48,12,2,13.85051380179339,0.0
rl,ppo | LDPC-DiscreteResidual-v0,48,12,3,11.462914717273524,0.0
rl,ppo | LDPC-DiscreteResidual-v0,48,12,4,11.703715148280104,0.0
rl,ppo | LDPC-DiscreteResidual-v0,48,12,5,13.85051380179339,0.0
rl,ppo | LDPC-DiscreteResidual-v0,48,12,6,13.85051380179339,0.0
rl,ppo | LDPC-DiscreteResidual-v0,48,12,7,11.462914717273524,0.0
rl,ppo | LDPC-DiscreteResidual-v0,48,12,8,10.820030791833673,0.0
rl,ppo | LDPC-DiscreteResidual-v0,48,12,9,10.820030791833673,0.0
rl,ppo | LDPC-DiscreteResidual-v0,48,12,10,11.338765464649214,0.0
rl,ppo | LDPC-DiscreteResidual-v0,48,12,11,11.101647021092171,0.0
rl,ppo | LDPC-DiscreteResidual-v0,48,13,0,11.462914717273524,0.0
rl,ppo | LDPC-DiscreteResidual-v0,48,13,1,10.820030791833673,0.0
rl,ppo | LDPC-DiscreteResidual-v0,48,13,2,13.85051380179339,0.0
rl,ppo | LDPC-DiscreteResidual-v0,48,13,3,11.462914717273524,0.0
rl,ppo | LDPC-DiscreteResidual-v0,48,13,4,11.703715148280104,0.0
rl,ppo | LDPC-DiscreteResidual-v0,48,13,5,13.85051380179339,0.0
rl,ppo | LDPC-DiscreteResidual-v0,48,13,6,13.85051380179339,0.0
rl,ppo | LDPC-DiscreteResidual-v0,48,13,7,11.462914717273524,0.0
rl,ppo | LDPC-DiscreteResidual-v0,48,13,8,10.820030791833673,0.0
rl,ppo | LDPC-DiscreteResidual-v0,48,13,9,10.820030791833673,0.0
rl,ppo | LDPC-DiscreteResidual-v0,48,13,10,11.338765464649214,0.0
rl,ppo | LDPC-DiscreteResidual-v0,48,13,11,11.101647021092171,0.0
rl,ppo | LDPC-DiscreteResidual-v0,48,14,0,11.462914717273524,0.0
rl,ppo | LDPC-DiscreteResidual-v0,48,14,1,10.820030791833673,0.0
rl,ppo | LDPC-DiscreteResidual-v0,48,14,2,13.85051380179339,0.0
rl,ppo | LDPC-DiscreteResidual-v0,48,14,3,11.462914717273524,0.0
rl,ppo | LDPC-DiscreteResidual-v0,48,14,4,11.703715148280104,0.0
rl,ppo | LDPC-DiscreteResidual-v0,48,14,5,13.85051380179339,0.0
rl,ppo | LDPC-DiscreteResidual-v0,48,14,6,13.85051380179339,0.0
rl,ppo | LDPC-DiscreteResidual-v0,48,14,7,11.462914717273524,0.0
rl,ppo | LDPC-DiscreteResidual-v0,48,14,8,10.820030791833673,0.0
rl,ppo | LDPC-DiscreteResidual-v0,48,14,9,10.820030791833673,0.0
rl,ppo | LDPC-DiscreteResidual-v0,48,14,10,11.338765464649214,0.0
rl,ppo | LDPC-DiscreteResidual-v0,48,14,11,11.101647021092171,0.0
rl,ppo | LDPC-DiscreteResidual-v0,48,15,0,11.462914717273524,0.0
rl,ppo | LDPC-DiscreteResidual-v0,48,15,1,10.820030791833673,0.0
rl,ppo | LDPC-DiscreteResidual-v0,48,15,2,13.85051380179339,0.0
rl,ppo | LDPC-DiscreteResidual-v0,48,15,3,11.462914717273524,0.0
rl,ppo | LDPC-DiscreteResidual-v0,48,15,4,11.703715148280104,0.0
rl,ppo | LDPC-DiscreteResidual-v0,48,15,5,13.85051380179339,0.0
rl,ppo | LDPC-DiscreteResidual-v0,48,15,6,13.85051380179339,0.0
rl,ppo | LDPC-DiscreteResidual-v0,48,15,7,11.462914717273524,0.0
rl,ppo | LDPC-DiscreteResidual-v0,48,15,8,10.820030791833673,0.0
rl,ppo | LDPC-DiscreteResidual-v0,48,15,9,10.820030791833673,0.0
rl,ppo | LDPC-DiscreteResidual-v0,48,15,10,11.338765464649214,0.0
rl,ppo | LDPC-DiscreteResidual-v0,48,15,11,11.101647021092171,0.0
rl,ppo | LDPC-DiscreteResidual-v0,48,16,0,11.462914717273524,0.0
rl,ppo | LDPC-DiscreteResidual-v0,48,16,1,10.820030791833673,0.0
rl,ppo | LDPC-DiscreteResidual-v0,48,16,2,13.85051380179339,0.0
rl,ppo | LDPC-DiscreteResidual-v0,48,16,3,11.462914717273524,0.0
rl,ppo | LDPC-DiscreteResidual-v0,48,16,4,11.703715148280104,0.0
rl,ppo | LDPC-DiscreteResidual-v0,48,16,5,13.85051380179339,0.0
rl,ppo | LDPC-DiscreteResidual-v0,48,16,6,13.85051380179339,0.0
rl,ppo | LDPC-DiscreteResidual-v0,48,16,7,11.462914717273524,0.0
rl,ppo | LDPC-DiscreteResidual-v0,48,16,8,10.820030791833673,0.0
rl,ppo | LDPC-DiscreteResidual-v0,48,16,9,10.820030791833673,0.0
rl,ppo | LDPC-DiscreteResidual-v0,48,16,10,11.338765464649214,0.0
rl,ppo | LDPC-DiscreteResidual-v0,48,16,11,11.101647021092171,0.0
rl,ppo | LDPC-DiscreteResidual-v0,48,17,0,11.462914717273524,0.0
rl,ppo | LDPC-DiscreteResidual-v0,48,17,1,10.820030791833673,0.0
rl,ppo | LDPC-DiscreteResidual-v0,48,17,2,13.85051380179339,0.0
rl,ppo | LDPC-DiscreteResidual-v0,48,17,3,11.462914717273524,0.0
rl,ppo | LDPC-DiscreteResidual-v0,48,17,4,11.703715148280104,0.0
rl,ppo | LDPC-DiscreteResidual-v0,48,17,5,13.85051380179339,0.0
rl,ppo | LDPC-DiscreteResidual-v0,48,17,6,13.85051380179339,0.0
rl,ppo | LDPC-DiscreteResidual-v0,48,17,7,11.462914717273524,0.0
rl,ppo | LDPC-DiscreteResidual-v0,48,17,8,10.820030791833673,0.0
rl,ppo | LDPC-DiscreteResidual-v0,48,17,9,10.820030791833673,0.0
rl,ppo | LDPC-DiscreteResidual-v0,48,17,10,11.338765464649214,0.0
rl,ppo | LDPC-DiscreteResidual-v0,48,17,11,11.101647021092171,0.0
rl,ppo | LDPC-DiscreteResidual-v0,48,18,0,11.462914717273524,0.0
rl,ppo | LDPC-DiscreteResidual-v0,48,18,1,10.820030791833673,0.0
rl,ppo | LDPC-DiscreteResidual-v0,48,18,2,13.85051380179339,0.0
rl,ppo | LDPC-DiscreteResidual-v0,48,18,3,11.462914717273524,0.0
rl,ppo | LDPC-DiscreteResidual-v0,48,18,4,11.703715148280104,0.0
rl,ppo | LDPC-DiscreteResidual-v0,48,18,5,13.85051380179339,0.0
rl,ppo | LDPC-DiscreteResidual-v0,48,18,6,13.85051380179339,0.0
rl,ppo | LDPC-DiscreteResidual-v0,48,18,7,11.462914717273524,0.0
rl,ppo | LDPC-DiscreteResidual-v0,48,18,8,10.820030791833673,0.0
rl,ppo | LDPC-DiscreteResidual-v0,48,18,9,10.820030791833673,0.0
rl,ppo | LDPC-DiscreteResidual-v0,48,18,10,11.338765464649214,0.0
rl,ppo | LDPC-DiscreteResidual-v0,48,18,11,11.101647021092171,0.0
rl,ppo | LDPC-DiscreteResidual-v0,48,19,0,11.462914717273524,0.0
rl,ppo | LDPC-DiscreteResidual-v0,48,19,1,10.820030791833673,0.0
rl,ppo | LDPC-DiscreteResidual-v0,48,19,2,13.85051380179339,0.0
rl,ppo | LDPC-DiscreteResidual-v0,48,19,3,11.462914717273524,0.0
rl,ppo | LDPC-DiscreteResidual-v0,48,19,4,11.703715148280104,0.0
rl,ppo | LDPC-DiscreteResidual-v0,48,19,5,13.85051380179339,0.0
rl,ppo | LDPC-DiscreteResidual-v0,48,19,6,13.85051380179339,0.0
rl,ppo | LDPC-DiscreteResidual-v0,48,19,7,11.462914717273524,0.0
rl,ppo | LDPC-DiscreteResidual-v0,48,19,8,10.820030791833673,0.0
rl,ppo | LDPC-DiscreteResidual-v0,48,19,9,10.820030791833673,0.0
rl,ppo | LDPC-DiscreteResidual-v0,48,19,10,11.338765464649214,0.0
rl,ppo | LDPC-DiscreteResidual-v0,48,19,11,11.101647021092171,0.0
rl,ppo | LDPC-DiscreteResidual-v0,48,20,0,11.462914717273524,0.0
rl,ppo | LDPC-DiscreteResidual-v0,48,20,1,10.820030791833673,0.0
rl,ppo | LDPC-DiscreteResidual-v0,48,20,2,13.85051380179339,0.0
rl,ppo | LDPC-DiscreteResidual-v0,48,20,3,11.462914717273524,0.0
rl,ppo | LDPC-DiscreteResidual-v0,48,20,4,11.703715148280104,0.0
rl,ppo | LDPC-DiscreteResidual-v0,48,20,5,13.85051380179339,0.0
rl,ppo | LDPC-DiscreteResidual-v0,48,20,6,13.85051380179339,0.0
rl,ppo | LDPC-DiscreteResidual-v0,48,20,7,11.462914717273524,0.0
rl,ppo | LDPC-DiscreteResidual-v0,48,20,8,10.820030791833673,0.0
rl,ppo | LDPC-DiscreteResidual-v0,48,20,9,10.820030791833673,0.0
rl,ppo | LDPC-DiscreteResidual-v0,48,20,10,11.338765464649214,0.0
rl,ppo | LDPC-DiscreteResidual-v0,48,20,11,11.101647021092171,0.0
rl,ppo | LDPC-DiscreteResidual-v0,48,21,0,11.462914717273524,0.0
rl,ppo | LDPC-DiscreteResidual-v0,48,21,1,10.820030791833673,0.0
rl,ppo | LDPC-DiscreteResidual-v0,48,21,2,13.85051380179339,0.0
rl,ppo | LDPC-DiscreteResidual-v0,48,21,3,11.462914717273524,0.0
rl,ppo | LDPC-DiscreteResidual-v0,48,21,4,11.703715148280104,0.0
rl,ppo | LDPC-DiscreteResidual-v0,48,21,5,13.85051380179339,0.0
rl,ppo | LDPC-DiscreteResidual-v0,48,21,6,13.85051380179339,0.0
rl,ppo | LDPC-DiscreteResidual-v0,48,21,7,11.462914717273524,0.0
rl,ppo | LDPC-DiscreteResidual-v0,48,21,8,10.820030791833673,0.0
rl,ppo | LDPC-DiscreteResidual-v0,48,21,9,10.820030791833673,0.0
rl,ppo | LDPC-DiscreteResidual-v0,48,21,10,11.338765464649214,0.0
rl,ppo | LDPC-DiscreteResidual-v0,48,21,11,11.101647021092171,0.0
rl,ppo | LDPC-DiscreteResidual-v0,48,22,0,11.462914717273524,0.0
rl,ppo | LDPC-DiscreteResidual-v0,48,22,1,10.820030791833673,0.0
rl,ppo | LDPC-DiscreteResidual-v0,48,22,2,13.85051380179339,0.0
rl,ppo | LDPC-DiscreteResidual-v0,48,22,3,11.462914717273524,0.0
rl,ppo | LDPC-DiscreteResidual-v0,48,22,4,11.703715148280104,0.0
rl,ppo | LDPC-DiscreteResidual-v0,48,22,5,13.85051380179339,0.0
rl,ppo | LDPC-DiscreteResidual-v0,48,22,6,13.85051380179339,0.0
rl,ppo | LDPC-DiscreteResidual-v0,48,22,7,11.462914717273524,0.0
rl,ppo | LDPC-DiscreteResidual-v0,48,22,8,10.820030791833673,0.0
rl,ppo | LDPC-DiscreteResidual-v0,48,22,9,10.820030791833673,0.0
rl,ppo | LDPC-DiscreteResidual-v0,48,22,10,11.338765464649214,0.0
rl,ppo | LDPC-DiscreteResidual-v0,48,22,11,11.101647021092171,0.0
rl,ppo | LDPC-DiscreteResidual-v0,48,23,0,11.462914717273524,0.0
rl,ppo | LDPC-DiscreteResidual-v0,48,23,1,10.820030791833673,0.0
rl,ppo | LDPC-DiscreteResidual-v0,48,23,2,13.85051380179339,0.0
rl,ppo | LDPC-DiscreteResidual-v0,48,23,3,11.462914717273524,0.0
rl,ppo | LDPC-DiscreteResidual-v0,48,23,4,11.703715148280104,0.0
rl,ppo | LDPC-DiscreteResidual-v0,48,23,5,13.85051380179339,0.0
rl,ppo | LDPC-DiscreteResidual-v0,48,23,6,13.85051380179339,0.0
rl,ppo | LDPC-DiscreteResidual-v0,48,23,7,11.462914717273524,0.0
rl,ppo | LDPC-DiscreteResidual-v0,48,23,8,10.820030791833673,0.0
rl,ppo | LDPC-DiscreteResidual-v0,48,23,9,10.820030791833673,0.0
rl,ppo | LDPC-DiscreteResidual-v0,48,23,10,11.338765464649214,0.0
rl,ppo | LDPC-DiscreteResidual-v0,48,23,11,11.101647021092171,0.0
rl,ppo | LDPC-DiscreteResidual-v0,48,24,0,11.462914717273524,0.0
rl,ppo | LDPC-DiscreteResidual-v0,48,24,1,10.820030791833673,0.0
rl,ppo | LDPC-DiscreteResidual-v0,48,24,2,13.85051380179339,0.0
rl,ppo | LDPC-DiscreteResidual-v0,48,24,3,11.462914717273524,0.0
rl,ppo | LDPC-DiscreteResidual-v0,48,24,4,11.703715148280104,0.0
rl,ppo | LDPC-DiscreteResidual-v0,48,24,5,13.85051380179339,0.0
rl,ppo | LDPC-DiscreteResidual-v0,48,24,6,13.85051380179339,0.0
rl,ppo | LDPC-DiscreteResidual-v0,48,24,7,11.462914717273524,0.0
rl,ppo | LDPC-DiscreteResidual-v0,48,24,8,10.820030791833673,0.0
rl,ppo | LDPC-DiscreteResidual-v0,48,24,9,10.820030791833673,0.0
rl,ppo | LDPC-DiscreteResidual-v0,48,24,10,11.338765464649214,0.0
rl,ppo | LDPC-DiscreteResidual-v0,48,24,11,11.101647021092171,0.0
rl,ppo | LDPC-DiscreteResidual-v0,48,25,0,11.462914717273524,0.0
rl,ppo | LDPC-DiscreteResidual-v0,48,25,1,10.820030791833673,0.0
rl,ppo | LDPC-DiscreteResidual-v0,48,25,2,13.85051380179339,0.0
rl,ppo | LDPC-DiscreteResidual-v0,48,25,3,11.462914717273524,0.0
rl,ppo | LDPC-DiscreteResidual-v0,48,25,4,11.703715148280104,0.0
rl,ppo | LDPC-DiscreteResidual-v0,48,25,5,13.85051380179339,0.0
rl,ppo | LDPC-DiscreteResidual-v0,48,25,6,13.85051380179339,0.0
rl,ppo | LDPC-DiscreteResidual-v0,48,25,7,11.462914717273524,0.0
rl,ppo | LDPC-DiscreteResidual-v0,48,25,8,10.820030791833673,0.0
rl,ppo | LDPC-DiscreteResidual-v0,48,25,9,10.820030791833673,0.0
rl,ppo | LDPC-DiscreteResidual-v0,48,25,10,11.338765464649214,0.0
rl,ppo | LDPC-DiscreteResidual-v0,48,25,11,11.101647021092171,0.0
rl,ppo | LDPC-DiscreteResidual-v0,48,26,0,11.462914717273524,0.0
rl,ppo | LDPC-DiscreteResidual-v0,48,26,1,10.820030791833673,0.0
rl,ppo | LDPC-DiscreteResidual-v0,48,26,2,13.85051380179339,0.0
rl,ppo | LDPC-DiscreteResidual-v0,48,26,3,11.462914717273524,0.0
rl,ppo | LDPC-DiscreteResidual-v0,48,26,4,11.703715148280104,0.0
rl,ppo | LDPC-DiscreteResidual-v0,48,26,5,13.85051380179339,0.0
rl,ppo | LDPC-DiscreteResidual-v0,48,26,6,13.85051380179339,0.0
rl,ppo | LDPC-DiscreteResidual-v0,48,26,7,11.462914717273524,0.0
rl,ppo | LDPC-DiscreteResidual-v0,48,26,8,10.820030791833673,0.0
rl,ppo | LDPC-DiscreteResidual-v0,48,26,9,10.820030791833673,0.0
rl,ppo | LDPC-DiscreteResidual-v0,48,26,10,11.338765464649214,0.0
rl,ppo | LDPC-DiscreteResidual-v0,48,26,11,11.101647021092171,0.0
rl,ppo | LDPC-DiscreteResidual-v0,48,27,0,11.462914717273524,0.0
rl,ppo | LDPC-DiscreteResidual-v0,48,27,1,10.820030791833673,0.0
rl,ppo | LDPC-DiscreteResidual-v0,48,27,2,13.85051380179339,0.0
rl,ppo | LDPC-DiscreteResidual-v0,48,27,3,11.462914717273524,0.0
rl,ppo | LDPC-DiscreteResidual-v0,48,27,4,11.703715148280104,0.0
rl,ppo | LDPC-DiscreteResidual-v0,48,27,5,13.85051380179339,0.0
rl,ppo | LDPC-DiscreteResidual-v0,48,27,6,13.85051380179339,0.0
rl,ppo | LDPC-DiscreteResidual-v0,48,27,7,11.462914717273524,0.0
rl,ppo | LDPC-DiscreteResidual-v0,48,27,8,10.820030791833673,0.0
rl,ppo | LDPC-DiscreteResidual-v0,48,27,9,10.820030791833673,0.0
rl,ppo | LDPC-DiscreteResidual-v0,48,27,10,11.338765464649214,0.0
rl,ppo | LDPC-DiscreteResidual-v0,48,27,11,11.101647021092171,0.0
rl,ppo | LDPC-DiscreteResidual-v0,48,28,0,11.462914717273524,0.0
rl,ppo | LDPC-DiscreteResidual-v0,48,28,1,10.820030791833673,0.0
rl,ppo | LDPC-DiscreteResidual-v0,48,28,2,13.85051380179339,0.0
rl,ppo | LDPC-DiscreteResidual-v0,48,28,3,11.462914717273524,0.0
rl,ppo | LDPC-DiscreteResidual-v0,48,28,4,11.703715148280104,0.0
rl,ppo | LDPC-DiscreteResidual-v0,48,28,5,13.85051380179339,0.0
rl,ppo | LDPC-DiscreteResidual-v0,48,28,6,13.85051380179339,0.0
rl,ppo | LDPC-DiscreteResidual-v0,48,28,7,11.462914717273524,0.0
rl,ppo | LDPC-DiscreteResidual-v0,48,28,8,10.820030791833673,0.0
rl,ppo | LDPC-DiscreteResidual-v0,48,28,9,10.820030791833673,0.0
rl,ppo | LDPC-DiscreteResidual-v0,48,28,10,11.338765464649214,0.0
rl,ppo | LDPC-DiscreteResidual-v0,48,28,11,11.101647021092171,0.0
rl,ppo | LDPC-DiscreteResidual-v0,48,29,0,11.462914717273524,0.0
rl,ppo | LDPC-DiscreteResidual-v0,48,29,1,10.820030791833673,0.0
rl,ppo | LDPC-DiscreteResidual-v0,48,29,2,13.85051380179339,0.0
rl,ppo | LDPC-DiscreteResidual-v0,48,29,3,11.462914717273524,0.0
rl,ppo | LDPC-DiscreteResidual-v0,48,29,4,11.703715148280104,0.0
rl,ppo | LDPC-DiscreteResidual-v0,48,29,5,13.85051380179339,0.0
rl,ppo | LDPC-DiscreteResidual-v0,48,29,6,13.85051380179339,0.0
rl,ppo | LDPC-DiscreteResidual-v0,48,29,7,11.462914717273524,0.0
rl,ppo | LDPC-DiscreteResidual-v0,48,29,8,10.820030791833673,0.0
rl,ppo | LDPC-DiscreteResidual-v0,48,29,9,10.820030791833673,0.0
rl,ppo | LDPC-DiscreteResidual-v0,48,29,10,11.338765464649214,0.0
rl,ppo | LDPC-DiscreteResidual-v0,48,29,11,11.101647021092171,0.0
rl,ppo | LDPC-DiscreteResidual-v0,48,30,0,11.462914717273524,0.0
rl,ppo | LDPC-DiscreteResidual-v0,48,30,1,10.820030791833673,0.0
rl,ppo | LDPC-DiscreteResidual-v0,48,30,2,13.85051380179339,0.0
rl,ppo | LDPC-DiscreteResidual-v0,48,30,3,11.462914717273524,0.0
rl,ppo | LDPC-DiscreteResidual-v0,48,30,4,11.703715148280104,0.0
rl,ppo | LDPC-DiscreteResidual-v0,48,30,5,13.85051380179339,0.0
rl,ppo | LDPC-DiscreteResidual-v0,48,30,6,13.85051380179339,0.0
rl,ppo | LDPC-DiscreteResidual-v0,48,30,7,11.462914717273524,0.0
rl,ppo | LDPC-DiscreteResidual-v0,48,30,8,10.820030791833673,0.0
rl,ppo | LDPC-DiscreteResidual-v0,48,30,9,10.820030791833673,0.0
rl,ppo | LDPC-DiscreteResidual-v0,48,30,10,11.338765464649214,0.0
rl,ppo | LDPC-DiscreteResidual-v0,48,30,11,11.101647021092171,0.0
rl,ppo | LDPC-DiscreteResidual-v0,48,31,0,11.462914717273524,0.0
rl,ppo | LDPC-DiscreteResidual-v0,48,31,1,10.820030791833673,0.0
rl,ppo | LDPC-DiscreteResidual-v0,48,31,2,13.85051380179339,0.0
rl,ppo | LDPC-DiscreteResidual-v0,48,31,3,11.462914717273524,0.0
rl,ppo | LDPC-DiscreteResidual-v0,48,31,4,11.703715148280104,0.0
rl,ppo | LDPC-DiscreteResidual-v0,48,31,5,13.85051380179339,0.0
rl,ppo | LDPC-DiscreteResidual-v0,48,31,6,13.85051380179339,0.0
rl,ppo | LDPC-DiscreteResidual-v0,48,31,7,11.462914717273524,0.0
rl,ppo | LDPC-DiscreteResidual-v0,48,31,8,10.820030791833673,0.0
rl,ppo | LDPC-DiscreteResidual-v0,48,31,9,10.820030791833673,0.0
rl,ppo | LDPC-DiscreteResidual-v0,48,31,10,11.338765464649214,0.0
rl,ppo | LDPC-DiscreteResidual-v0,48,31,11,11.101647021092171,0.0
rl,ppo | LDPC-DiscreteResidual-v0,48,32,0,11.462914717273524,0.0
rl,ppo | LDPC-DiscreteResidual-v0,48,32,1,10.820030791833673,0.0
rl,ppo | LDPC-DiscreteResidual-v0,48,32,2,13.85051380179339,0.0
rl,ppo | LDPC-DiscreteResidual-v0,48,32,3,11.462914717273524,0.0
rl,ppo | LDPC-DiscreteResidual-v0,48,32,4,11.703715148280104,0.0
rl,ppo | LDPC-DiscreteResidual-v0,48,32,5,13.85051380179339,0.0
rl,ppo | LDPC-DiscreteResidual-v0,48,32,6,13.85051380179339,0.0
rl,ppo | LDPC-DiscreteResidual-v0,48,32,7,11.462914717273524,0.0
rl,ppo | LDPC-DiscreteResidual-v0,48,32,8,10.820030791833673,0.0
rl,ppo | LDPC-DiscreteResidual-v0,48,32,9,10.820030791833673,0.0
rl,ppo | LDPC-DiscreteResidual-v0,48,32,10,11.338765464649214,0.0
rl,ppo | LDPC-DiscreteResidual-v0,48,32,11,11.101647021092171,0.0
rl,ppo | LDPC-DiscreteResidual-v0,48,33,0,11.462914717273524,0.0
rl,ppo | LDPC-DiscreteResidual-v0,48,33,1,10.820030791833673,0.0
rl,ppo | LDPC-DiscreteResidual-v0,48,33,2,13.85051380179339,0.0
rl,ppo | LDPC-DiscreteResidual-v0,48,33,3,11.462914717273524,0.0
rl,ppo | LDPC-DiscreteResidual-v0,48,33,4,11.703715148280104,0.0
rl,ppo | LDPC-DiscreteResidual-v0,48,33,5,13.85051380179339,0.0
rl,ppo | LDPC-DiscreteResidual-v0,48,33,6,13.85051380179339,0.0
rl,ppo | LDPC-DiscreteResidual-v0,48,33,7,11.462914717273524,0.0
rl,ppo | LDPC-DiscreteResidual-v0,48,33,8,10.820030791833673,0.0
rl,ppo | LDPC-DiscreteResidual-v0,48,33,9,10.820030791833673,0.0
rl,ppo | LDPC-DiscreteResidual-v0,48,33,10,11.338765464649214,0.0
rl,ppo | LDPC-DiscreteResidual-v0,48,33,11,11.101647021092171,0.0
rl,ppo | LDPC-DiscreteResidual-v0,48,34,0,11.462914717273524,0.0
rl,ppo | LDPC-DiscreteResidual-v0,48,34,1,10.820030791833673,0.0
rl,ppo | LDPC-DiscreteResidual-v0,48,34,2,13.85051380179339,0.0
rl,ppo | LDPC-DiscreteResidual-v0,48,34,3,11.462914717273524,0.0
rl,ppo | LDPC-DiscreteResidual-v0,48,34,4,11.703715148280104,0.0
rl,ppo | LDPC-DiscreteResidual-v0,48,34,5,13.85051380179339,0.0
rl,ppo | LDPC-DiscreteResidual-v0,48,34,6,13.85051380179339,0.0
rl,ppo | LDPC-DiscreteResidual-v0,48,34,7,11.462914717273524,0.0
rl,ppo | LDPC-DiscreteResidual-v0,48,34,8,10.820030791833673,0.0
rl,ppo | LDPC-DiscreteResidual-v0,48,34,9,10.820030791833673,0.0
rl,ppo | LDPC-DiscreteResidual-v0,48,34,10,11.338765464649214,0.0
rl,ppo | LDPC-DiscreteResidual-v0,48,34,11,11.101647021092171,0.0
rl,ppo | LDPC-DiscreteResidual-v0,48,35,0,11.462914717273524,0.0
rl,ppo | LDPC-DiscreteResidual-v0,48,35,1,10.820030791833673,0.0
rl,ppo | LDPC-DiscreteResidual-v0,48,35,2,13.85051380179339,0.0
rl,ppo | LDPC-DiscreteResidual-v0,48,35,3,11.462914717273524,0.0
rl,ppo | LDPC-DiscreteResidual-v0,48,35,4,11.703715148280104,0.0
rl,ppo | LDPC-DiscreteResidual-v0,48,35,5,13.85051380179339,0.0
rl,ppo | LDPC-DiscreteResidual-v0,48,35,6,13.85051380179339,0.0
rl,ppo | LDPC-DiscreteResidual-v0,48,35,7,11.462914717273524,0.0
rl,ppo | LDPC-DiscreteResidual-v0,48,35,8,10.820030791833673,0.0
rl,ppo | LDPC-DiscreteResidual-v0,48,35,9,10.820030791833673,0.0
rl,ppo | LDPC-DiscreteResidual-v0,48,35,10,11.338765464649214,0.0
rl,ppo | LDPC-DiscreteResidual-v0,48,35,11,11.101647021092171,0.0
rl,ppo | LDPC-DiscreteResidual-v0,48,36,0,11.462914717273524,0.0
rl,ppo | LDPC-DiscreteResidual-v0,48,36,1,10.820030791833673,0.0
rl,ppo | LDPC-DiscreteResidual-v0,48,36,2,13.85051380179339,0.0
rl,ppo | LDPC-DiscreteResidual-v0,48,36,3,11.462914717273524,0.0
rl,ppo | LDPC-DiscreteResidual-v0,48,36,4,11.703715148280104,0.0
rl,ppo | LDPC-DiscreteResidual-v0,48,36,5,13.85051380179339,0.0
rl,ppo | LDPC-DiscreteResidual-v0,48,36,6,13.85051380179339,0.0
rl,ppo | LDPC-DiscreteResidual-v0,48,36,7,11.462914717273524,0.0
rl,ppo | LDPC-DiscreteResidual-v0,48,36,8,10.820030791833673,0.0
rl,ppo | LDPC-DiscreteResidual-v0,48,36,9,10.820030791833673,0.0
rl,ppo | LDPC-DiscreteResidual-v0,48,36,10,11.338765464649214,0.0
rl,ppo | LDPC-DiscreteResidual-v0,48,36,11,11.101647021092171,0.0
rl,ppo | LDPC-DiscreteResidual-v0,48,37,0,11.462914717273524,0.0
rl,ppo | LDPC-DiscreteResidual-v0,48,37,1,10.820030791833673,0.0
rl,ppo | LDPC-DiscreteResidual-v0,48,37,2,13.85051380179339,0.0
rl,ppo | LDPC-DiscreteResidual-v0,48,37,3,11.462914717273524,0.0
rl,ppo | LDPC-DiscreteResidual-v0,48,37,4,11.703715148280104,0.0
rl,ppo | LDPC-DiscreteResidual-v0,48,37,5,13.85051380179339,0.0
rl,ppo | LDPC-DiscreteResidual-v0,48,37,6,13.85051380179339,0.0
rl,ppo | LDPC-DiscreteResidual-v0,48,37,7,11.462914717273524,0.0
rl,ppo | LDPC-DiscreteResidual-v0,48,37,8,10.820030791833673,0.0
rl,ppo | LDPC-DiscreteResidual-v0,48,37,9,10.820030791833673,0.0
rl,ppo | LDPC-DiscreteResidual-v0,48,37,10,11.338765464649214,0.0
rl,ppo | LDPC-DiscreteResidual-v0,48,37,11,11.101647021092171,0.0
rl,ppo | LDPC-DiscreteResidual-v0,48,38,0,11.462914717273524,0.0
rl,ppo | LDPC-DiscreteResidual-v0,48,38,1,10.820030791833673,0.0
rl,ppo | LDPC-DiscreteResidual-v0,48,38,2,13.85051380179339,0.0
rl,ppo | LDPC-DiscreteResidual-v0,48,38,3,11.462914717273524,0.0
rl,ppo | LDPC-DiscreteResidual-v0,48,38,4,11.703715148280104,0.0
rl,ppo | LDPC-DiscreteResidual-v0,48,38,5,13.85051380179339,0.0
rl,ppo | LDPC-DiscreteResidual-v0,48,38,6,13.85051380179339,0.0
rl,ppo | LDPC-DiscreteResidual-v0,48,38,7,11.462914717273524,0.0
rl,ppo | LDPC-DiscreteResidual-v0,48,38,8,10.820030791833673,0.0
rl,ppo | LDPC-DiscreteResidual-v0,48,38,9,10.820030791833673,0.0
rl,ppo | LDPC-DiscreteResidual-v0,48,38,10,11.338765464649214,0.0
rl,ppo | LDPC-DiscreteResidual-v0,48,38,11,11.101647021092171,0.0
rl,ppo | LDPC-DiscreteResidual-v0,48,39,0,11.462914717273524,0.0
rl,ppo | LDPC-DiscreteResidual-v0,48,39,1,10.820030791833673,0.0
rl,ppo | LDPC-DiscreteResidual-v0,48,39,2,13.85051380179339,0.0
rl,ppo | LDPC-DiscreteResidual-v0,48,39,3,11.462914717273524,0.0
rl,ppo | LDPC-DiscreteResidual-v0,48,39,4,11.703715148280104,0.0
rl,ppo | LDPC-DiscreteResidual-v0,48,39,5,13.85051380179339,0.0
rl,ppo | LDPC-DiscreteResidual-v0,48,39,6,13.85051380179339,0.0
rl,ppo | LDPC-DiscreteResidual-v0,48,39,7,11.462914717273524,0.0
rl,ppo | LDPC-DiscreteResidual-v0,48,39,8,10.820030791833673,0.0
rl,ppo | LDPC-DiscreteResidual-v0,48,39,9,10.820030791833673,0.0
rl,ppo | LDPC-DiscreteResidual-v0,48,39,10,11.338765464649214,0.0
rl,ppo | LDPC-DiscreteResidual-v0,48,39,11,11.101647021092171,0.0
rl,ppo | LDPC-DiscreteResidual-v0,48,40,0,11.462914717273524,0.0
rl,ppo | LDPC-DiscreteResidual-v0,48,40,1,10.820030791833673,0.0
rl,ppo | LDPC-DiscreteResidual-v0,48,40,2,13.85051380179339,0.0
rl,ppo | LDPC-DiscreteResidual-v0,48,40,3,11.462914717273524,0.0
rl,ppo | LDPC-DiscreteResidual-v0,48,40,4,11.703715148280104,0.0
rl,ppo | LDPC-DiscreteResidual-v0,48,40,5,13.85051380179339,0.0
rl,ppo | LDPC-DiscreteResidual-v0,48,40,6,13.85051380179339,0.0
rl,ppo | LDPC-DiscreteResidual-v0,48,40,7,11.462914717273524,0.0
rl,ppo | LDPC-DiscreteResidual-v0,48,40,8,10.820030791833673,0.0
rl,ppo | LDPC-DiscreteResidual-v0,48,40,9,10.820030791833673,0.0
rl,ppo | LDPC-DiscreteResidual-v0,48,40,10,11.338765464649214,0.0
rl,ppo | LDPC-DiscreteResidual-v0,48,40,11,11.101647021092171,0.0
rl,ppo | LDPC-DiscreteResidual-v0,48,41,0,11.462914717273524,0.0
rl,ppo | LDPC-DiscreteResidual-v0,48,41,1,10.820030791833673,0.0
rl,ppo | LDPC-DiscreteResidual-v0,48,41,2,13.85051380179339,0.0
rl,ppo | LDPC-DiscreteResidual-v0,48,41,3,11.462914717273524,0.0
rl,ppo | LDPC-DiscreteResidual-v0,48,41,4,11.703715148280104,0.0
rl,ppo | LDPC-DiscreteResidual-v0,48,41,5,13.85051380179339,0.0
rl,ppo | LDPC-DiscreteResidual-v0,48,41,6,13.85051380179339,0.0
rl,ppo | LDPC-DiscreteResidual-v0,48,41,7,11.462914717273524,0.0
rl,ppo | LDPC-DiscreteResidual-v0,48,41,8,10.820030791833673,0.0
rl,ppo | LDPC-DiscreteResidual-v0,48,41,9,10.820030791833673,0.0
rl,ppo | LDPC-DiscreteResidual-v0,48,41,10,11.338765464649214,0.0
rl,ppo | LDPC-DiscreteResidual-v0,48,41,11,11.101647021092171,0.0
rl,ppo | LDPC-DiscreteResidual-v0,48,42,0,11.462914717273524,0.0
rl,ppo | LDPC-DiscreteResidual-v0,48,42,1,10.820030791833673,0.0
rl,ppo | LDPC-DiscreteResidual-v0,48,42,2,13.85051380179339,0.0
rl,ppo | LDPC-DiscreteResidual-v0,48,42,3,11.462914717273524,0.0
rl,ppo | LDPC-DiscreteResidual-v0,48,42,4,11.703715148280104,0.0
rl,ppo | LDPC-DiscreteResidual-v0,48,42,5,13.85051380179339,0.0
rl,ppo | LDPC-DiscreteResidual-v0,48,42,6,13.85051380179339,0.0
rl,ppo | LDPC-DiscreteResidual-v0,48,42,7,11.462914717273524,0.0
rl,ppo | LDPC-DiscreteResidual-v0,48,42,8,10.820030791833673,0.0
rl,ppo | LDPC-DiscreteResidual-v0,48,42,9,10.820030791833673,0.0
rl,ppo | LDPC-DiscreteResidual-v0,48,42,10,11.338765464649214,0.0
rl,ppo | LDPC-DiscreteResidual-v0,48,42,11,11.101647021092171,0.0
rl,ppo | LDPC-DiscreteResidual-v0,48,43,0,11.462914717273524,0.0
rl,ppo | LDPC-DiscreteResidual-v0,48,43,1,10.820030791833673,0.0
rl,ppo | LDPC-DiscreteResidual-v0,48,43,2,13.85051380179339,0.0
rl,ppo | LDPC-DiscreteResidual-v0,48,43,3,11.462914717273524,0.0
rl,ppo | LDPC-DiscreteResidual-v0,48,43,4,11.703715148280104,0.0
rl,ppo | LDPC-DiscreteResidual-v0,48,43,5,13.85051380179339,0.0
rl,ppo | LDPC-DiscreteResidual-v0,48,43,6,13.85051380179339,0.0
rl,ppo | LDPC-DiscreteResidual-v0,48,43,7,11.462914717273524,0.0
rl,ppo | LDPC-DiscreteResidual-v0,48,43,8,10.820030791833673,0.0
rl,ppo | LDPC-DiscreteResidual-v0,48,43,9,10.820030791833673,0.0
rl,ppo | LDPC-DiscreteResidual-v0,48,43,10,11.338765464649214,0.0
rl,ppo | LDPC-DiscreteResidual-v0,48,43,11,11.101647021092171,0.0
rl,ppo | LDPC-DiscreteResidual-v0,48,44,0,11.462914717273524,0.0
rl,ppo | LDPC-DiscreteResidual-v0,48,44,1,10.820030791833673,0.0
rl,ppo | LDPC-DiscreteResidual-v0,48,44,2,13.85051380179339,0.0
rl,ppo | LDPC-DiscreteResidual-v0,48,44,3,11.462914717273524,0.0
rl,ppo | LDPC-DiscreteResidual-v0,48,44,4,11.703715148280104,0.0
rl,ppo | LDPC-DiscreteResidual-v0,48,44,5,13.85051380179339,0.0
rl,ppo | LDPC-DiscreteResidual-v0,48,44,6,13.85051380179339,0.0
rl,ppo | LDPC-DiscreteResidual-v0,48,44,7,11.462914717273524,0.0
rl,ppo | LDPC-DiscreteResidual-v0,48,44,8,10.820030791833673,0.0
rl,ppo | LDPC-DiscreteResidual-v0,48,44,9,10.820030791833673,0.0
rl,ppo | LDPC-DiscreteResidual-v0,48,44,10,11.338765464649214,0.0
rl,ppo | LDPC-DiscreteResidual-v0,48,44,11,11.101647021092171,0.0
rl,ppo | LDPC-DiscreteResidual-v0,48,45,0,11.462914717273524,0.0
rl,ppo | LDPC-DiscreteResidual-v0,48,45,1,10.820030791833673,0.0
rl,ppo | LDPC-DiscreteResidual-v0,48,45,2,13.85051380179339,0.0
rl,ppo | LDPC-DiscreteResidual-v0,48,45,3,11.462914717273524,0.0
rl,ppo | LDPC-DiscreteResidual-v0,48,45,4,11.703715148280104,0.0
rl,ppo | LDPC-DiscreteResidual-v0,48,45,5,13.85051380179339,0.0
rl,ppo | LDPC-DiscreteResidual-v0,48,45,6,13.85051380179339,0.0
rl,ppo | LDPC-DiscreteResidual-v0,48,45,7,11.462914717273524,0.0
rl,ppo | LDPC-DiscreteResidual-v0,48,45,8,10.820030791833673,0.0
rl,ppo | LDPC-DiscreteResidual-v0,48,45,9,10.820030791833673,0.0
rl,ppo | LDPC-DiscreteResidual-v0,48,45,10,11.338765464649214,0.0
rl,ppo | LDPC-DiscreteResidual-v0,48,45,11,11.101647021092171,0.0
rl,ppo | LDPC-DiscreteResidual-v0,48,46,0,11.462914717273524,0.0
rl,ppo | LDPC-DiscreteResidual-v0,48,46,1,10.820030791833673,0.0
rl,ppo | LDPC-DiscreteResidual-v0,48,46,2,13.85051380179339,0.0
rl,ppo | LDPC-DiscreteResidual-v0,48,46,3,11.462914717273524,0.0
rl,ppo | LDPC-DiscreteResidual-v0,48,46,4,11.703715148280104,0.0
rl,ppo | LDPC-DiscreteResidual-v0,48,46,5,13.85051380179339,0.0
rl,ppo | LDPC-DiscreteResidual-v0,48,46,6,13.85051380179339,0.0
rl,ppo | LDPC-DiscreteResidual-v0,48,46,7,11.462914717273524,0.0
rl,ppo | LDPC-DiscreteResidual-v0,48,46,8,10.820030791833673,0.0
rl,ppo | LDPC-DiscreteResidual-v0,48,46,9,10.820030791833673,0.0
rl,ppo | LDPC-DiscreteResidual-v0,48,46,10,11.338765464649214,0.0
rl,ppo | LDPC-DiscreteResidual-v0,48,46,11,11.101647021092171,0.0
rl,ppo | LDPC-DiscreteResidual-v0,48,47,0,11.462914717273524,0.0
rl,ppo | LDPC-DiscreteResidual-v0,48,47,1,10.820030791833673,0.0
rl,ppo | LDPC-DiscreteResidual-v0,48,47,2,13.85051380179339,0.0
rl,ppo | LDPC-DiscreteResidual-v0,48,47,3,11.462914717273524,0.0
rl,ppo | LDPC-DiscreteResidual-v0,48,47,4,11.703715148280104,0.0
rl,ppo | LDPC-DiscreteResidual-v0,48,47,5,13.85051380179339,0.0
rl,ppo | LDPC-DiscreteResidual-v0,48,47,6,13.85051380179339,0.0
rl,ppo | LDPC-DiscreteResidual-v0,48,47,7,11.462914717273524,0.0
rl,ppo | LDPC-DiscreteResidual-v0,48,47,8,10.820030791833673,0.0
rl,ppo | LDPC-DiscreteResidual-v0,48,47,9,10.820030791833673,0.0
rl,ppo | LDPC-DiscreteResidual-v0,48,47,10,11.338765464649214,0.0
rl,ppo | LDPC-DiscreteResidual-v0,48,47,11,11.101647021092171,0.0
rl,ppo | LDPC-DiscreteResidual-v0,48,48,0,11.462914717273524,0.0
rl,ppo | LDPC-DiscreteResidual-v0,48,48,1,10.820030791833673,0.0
rl,ppo | LDPC-DiscreteResidual-v0,48,48,2,13.85051380179339,0.0
rl,ppo | LDPC-DiscreteResidual-v0,48,48,3,11.462914717273524,0.0
rl,ppo | LDPC-DiscreteResidual-v0,48,48,4,11.703715148280104,0.0
rl,ppo | LDPC-DiscreteResidual-v0,48,48,5,13.85051380179339,0.0
rl,ppo | LDPC-DiscreteResidual-v0,48,48,6,13.85051380179339,0.0
rl,ppo | LDPC-DiscreteResidual-v0,48,48,7,11.462914717273524,0.0
rl,ppo | LDPC-DiscreteResidual-v0,48,48,8,10.820030791833673,0.0
rl,ppo | LDPC-DiscreteResidual-v0,48,48,9,10.820030791833673,0.0
rl,ppo | LDPC-DiscreteResidual-v0,48,48,10,11.338765464649214,0.0
rl,ppo | LDPC-DiscreteResidual-v0,48,48,11,11.101647021092171,0.0
rl,ppo | LDPC-DiscreteResidual-v0,48,49,0,11.462914717273524,0.0
rl,ppo | LDPC-DiscreteResidual-v0,48,49,1,10.820030791833673,0.0
rl,ppo | LDPC-DiscreteResidual-v0,48,49,2,13.85051380179339,0.0
rl,ppo | LDPC-DiscreteResidual-v0,48,49,3,11.462914717273524,0.0
rl,ppo | LDPC-DiscreteResidual-v0,48,49,4,11.703715148280104,0.0
rl,ppo | LDPC-DiscreteResidual-v0,48,49,5,13.85051380179339,0.0
rl,ppo | LDPC-DiscreteResidual-v0,48,49,6,13.85051380179339,0.0
rl,ppo | LDPC-DiscreteResidual-v0,48,49,7,11.462914717273524,0.0
rl,ppo | LDPC-DiscreteResidual-v0,48,49,8,10.820030791833673,0.0
rl,ppo | LDPC-DiscreteResidual-v0,48,49,9,10.820030791833673,0.0
rl,ppo | LDPC-DiscreteResidual-v0,48,49,10,11.338765464649214,0.0
rl,ppo | LDPC-DiscreteResidual-v0,48,49,11,11.101647021092171,0.0
rl,ppo | LDPC-DiscreteResidual-v0,48,50,0,11.462914717273524,0.0
rl,ppo | LDPC-DiscreteResidual-v0,48,50,1,10.820030791833673,0.0
rl,ppo | LDPC-DiscreteResidual-v0,48,50,2,13.85051380179339,0.0
rl,ppo | LDPC-DiscreteResidual-v0,48,50,3,11.462914717273524,0.0
rl,ppo | LDPC-DiscreteResidual-v0,48,50,4,11.703715148280104,0.0
rl,ppo | LDPC-DiscreteResidual-v0,48,50,5,13.85051380179339,0.0
rl,ppo | LDPC-DiscreteResidual-v0,48,50,6,13.85051380179339,0.0
rl,ppo | LDPC-DiscreteResidual-v0,48,50,7,11.462914717273524,0.0
rl,ppo | LDPC-DiscreteResidual-v0,48,50,8,10.820030791833673,0.0
rl,ppo | LDPC-DiscreteResidual-v0,48,50,9,10.820030791833673,0.0
rl,ppo | LDPC-DiscreteResidual-v0,48,50,10,11.338765464649214,0.0
rl,ppo | LDPC-DiscreteResidual-v0,48,50,11,11.101647021092171,0.0
rl,ppo | LDPC-DiscreteResidual-v0,48,51,0,11.462914717273524,0.0
rl,ppo | LDPC-DiscreteResidual-v0,48,51,1,10.820030791833673,0.0
rl,ppo | LDPC-DiscreteResidual-v0,48,51,2,13.85051380179339,0.0
rl,ppo | LDPC-DiscreteResidual-v0,48,51,3,11.462914717273524,0.0
rl,ppo | LDPC-DiscreteResidual-v0,48,51,4,11.703715148280104,0.0
rl,ppo | LDPC-DiscreteResidual-v0,48,51,5,13.85051380179339,0.0
rl,ppo | LDPC-DiscreteResidual-v0,48,51,6,13.85051380179339,0.0
rl,ppo | LDPC-DiscreteResidual-v0,48,51,7,11.462914717273524,0.0
rl,ppo | LDPC-DiscreteResidual-v0,48,51,8,10.820030791833673,0.0
rl,ppo | LDPC-DiscreteResidual-v0,48,51,9,10.820030791833673,0.0
rl,ppo | LDPC-DiscreteResidual-v0,48,51,10,11.338765464649214,0.0
rl,ppo | LDPC-DiscreteResidual-v0,48,51,11,11.101647021092171,0.0
rl,ppo | LDPC-DiscreteResidual-v0,48,52,0,11.462914717273524,0.0
rl,ppo | LDPC-DiscreteResidual-v0,48,52,1,10.820030791833673,0.0
rl,ppo | LDPC-DiscreteResidual-v0,48,52,2,13.85051380179339,0.0
rl,ppo | LDPC-DiscreteResidual-v0,48,52,3,11.462914717273524,0.0
rl,ppo | LDPC-DiscreteResidual-v0,48,52,4,11.703715148280104,0.0
rl,ppo | LDPC-DiscreteResidual-v0,48,52,5,13.85051380179339,0.0
rl,ppo | LDPC-DiscreteResidual-v0,48,52,6,13.85051380179339,0.0
rl,ppo | LDPC-DiscreteResidual-v0,48,52,7,11.462914717273524,0.0
rl,ppo | LDPC-DiscreteResidual-v0,48,52,8,10.820030791833673,0.0
rl,ppo | LDPC-DiscreteResidual-v0,48,52,9,10.820030791833673,0.0
rl,ppo | LDPC-DiscreteResidual-v0,48,52,10,11.338765464649214,0.0
rl,ppo | LDPC-DiscreteResidual-v0,48,52,11,11.101647021092171,0.0
rl,ppo | LDPC-DiscreteResidual-v0,48,53,0,11.462914717273524,0.0
rl,ppo | LDPC-DiscreteResidual-v0,48,53,1,10.820030791833673,0.0
rl,ppo | LDPC-DiscreteResidual-v0,48,53,2,13.85051380179339,0.0
rl,ppo | LDPC-DiscreteResidual-v0,48,53,3,11.462914717273524,0.0
rl,ppo | LDPC-DiscreteResidual-v0,48,53,4,11.703715148280104,0.0
rl,ppo | LDPC-DiscreteResidual-v0,48,53,5,13.85051380179339,0.0
rl,ppo | LDPC-DiscreteResidual-v0,48,53,6,13.85051380179339,0.0
rl,ppo | LDPC-DiscreteResidual-v0,48,53,7,11.462914717273524,0.0
rl,ppo | LDPC-DiscreteResidual-v0,48,53,8,10.820030791833673,0.0
rl,ppo | LDPC-DiscreteResidual-v0,48,53,9,10.820030791833673,0.0
rl,ppo | LDPC-DiscreteResidual-v0,48,53,10,11.338765464649214,0.0
rl,ppo | LDPC-DiscreteResidual-v0,48,53,11,11.101647021092171,0.0
rl,ppo | LDPC-DiscreteResidual-v0,48,54,0,11.462914717273524,0.0
rl,ppo | LDPC-DiscreteResidual-v0,48,54,1,10.820030791833673,0.0
rl,ppo | LDPC-DiscreteResidual-v0,48,54,2,13.85051380179339,0.0
rl,ppo | LDPC-DiscreteResidual-v0,48,54,3,11.462914717273524,0.0
rl,ppo | LDPC-DiscreteResidual-v0,48,54,4,11.703715148280104,0.0
rl,ppo | LDPC-DiscreteResidual-v0,48,54,5,13.85051380179339,0.0
rl,ppo | LDPC-DiscreteResidual-v0,48,54,6,13.85051380179339,0.0
rl,ppo | LDPC-DiscreteResidual-v0,48,54,7,11.462914717273524,0.0
rl,ppo | LDPC-DiscreteResidual-v0,48,54,8,10.820030791833673,0.0
rl,ppo | LDPC-DiscreteResidual-v0,48,54,9,10.820030791833673,0.0
rl,ppo | LDPC-DiscreteResidual-v0,48,54,10,11.338765464649214,0.0
rl,ppo | LDPC-DiscreteResidual-v0,48,54,11,11.101647021092171,0.0
rl,ppo | LDPC-DiscreteResidual-v0,48,55,0,11.462914717273524,0.0
rl,ppo | LDPC-DiscreteResidual-v0,48,55,1,10.820030791833673,0.0
rl,ppo | LDPC-DiscreteResidual-v0,48,55,2,13.85051380179339,0.0
rl,ppo | LDPC-DiscreteResidual-v0,48,55,3,11.462914717273524,0.0
rl,ppo | LDPC-DiscreteResidual-v0,48,55,4,11.703715148280104,0.0
rl,ppo | LDPC-DiscreteResidual-v0,48,55,5,13.85051380179339,0.0
rl,ppo | LDPC-DiscreteResidual-v0,48,55,6,13.85051380179339,0.0
rl,ppo | LDPC-DiscreteResidual-v0,48,55,7,11.462914717273524,0.0
rl,ppo | LDPC-DiscreteResidual-v0,48,55,8,10.820030791833673,0.0
rl,ppo | LDPC-DiscreteResidual-v0,48,55,9,10.820030791833673,0.0
rl,ppo | LDPC-DiscreteResidual-v0,48,55,10,11.338765464649214,0.0
rl,ppo | LDPC-DiscreteResidual-v0,48,55,11,11.101647021092171,0.0
rl,ppo | LDPC-DiscreteResidual-v0,48,56,0,11.462914717273524,0.0
rl,ppo | LDPC-DiscreteResidual-v0,48,56,1,10.820030791833673,0.0
rl,ppo | LDPC-DiscreteResidual-v0,48,56,2,13.85051380179339,0.0
rl,ppo | LDPC-DiscreteResidual-v0,48,56,3,11.462914717273524,0.0
rl,ppo | LDPC-DiscreteResidual-v0,48,56,4,11.703715148280104,0.0
rl,ppo | LDPC-DiscreteResidual-v0,48,56,5,13.85051380179339,0.0
rl,ppo | LDPC-DiscreteResidual-v0,48,56,6,13.85051380179339,0.0
rl,ppo | LDPC-DiscreteResidual-v0,48,56,7,11.462914717273524,0.0
rl,ppo | LDPC-DiscreteResidual-v0,48,56,8,10.820030791833673,0.0
rl,ppo | LDPC-DiscreteResidual-v0,48,56,9,10.820030791833673,0.0
rl,ppo | LDPC-DiscreteResidual-v0,48,56,10,11.338765464649214,0.0
rl,ppo | LDPC-DiscreteResidual-v0,48,56,11,11.101647021092171,0.0
rl,ppo | LDPC-DiscreteResidual-v0,48,57,0,11.462914717273524,0.0
rl,ppo | LDPC-DiscreteResidual-v0,48,57,1,10.820030791833673,0.0
rl,ppo | LDPC-DiscreteResidual-v0,48,57,2,13.85051380179339,0.0
rl,ppo | LDPC-DiscreteResidual-v0,48,57,3,11.462914717273524,0.0
rl,ppo | LDPC-DiscreteResidual-v0,48,57,4,11.703715148280104,0.0
rl,ppo | LDPC-DiscreteResidual-v0,48,57,5,13.85051380179339,0.0
rl,ppo | LDPC-DiscreteResidual-v0,48,57,6,13.85051380179339,0.0
rl,ppo | LDPC-DiscreteResidual-v0,48,57,7,11.462914717273524,0.0
rl,ppo | LDPC-DiscreteResidual-v0,48,57,8,10.820030791833673,0.0
rl,ppo | LDPC-DiscreteResidual-v0,48,57,9,10.820030791833673,0.0
rl,ppo | LDPC-DiscreteResidual-v0,48,57,10,11.338765464649214,0.0
rl,ppo | LDPC-DiscreteResidual-v0,48,57,11,11.101647021092171,0.0
rl,ppo | LDPC-DiscreteResidual-v0,48,58,0,11.462914717273524,0.0
rl,ppo | LDPC-DiscreteResidual-v0,48,58,1,10.820030791833673,0.0
rl,ppo | LDPC-DiscreteResidual-v0,48,58,2,13.85051380179339,0.0
rl,ppo | LDPC-DiscreteResidual-v0,48,58,3,11.462914717273524,0.0
rl,ppo | LDPC-DiscreteResidual-v0,48,58,4,11.703715148280104,0.0
rl,ppo | LDPC-DiscreteResidual-v0,48,58,5,13.85051380179339,0.0
rl,ppo | LDPC-DiscreteResidual-v0,48,58,6,13.85051380179339,0.0
rl,ppo | LDPC-DiscreteResidual-v0,48,58,7,11.462914717273524,0.0
rl,ppo | LDPC-DiscreteResidual-v0,48,58,8,10.820030791833673,0.0
rl,ppo | LDPC-DiscreteResidual-v0,48,58,9,10.820030791833673,0.0
rl,ppo | LDPC-DiscreteResidual-v0,48,58,10,11.338765464649214,0.0
rl,ppo | LDPC-DiscreteResidual-v0,48,58,11,11.101647021092171,0.0
rl,ppo | LDPC-DiscreteResidual-v0,48,59,0,11.462914717273524,0.0
rl,ppo | LDPC-DiscreteResidual-v0,48,59,1,10.820030791833673,0.0
rl,ppo | LDPC-DiscreteResidual-v0,48,59,2,13.85051380179339,0.0
rl,ppo | LDPC-DiscreteResidual-v0,48,59,3,11.462914717273524,0.0
rl,ppo | LDPC-DiscreteResidual-v0,48,59,4,11.703715148280104,0.0
rl,ppo | LDPC-DiscreteResidual-v0,48,59,5,13.85051380179339,0.0
rl,ppo | LDPC-DiscreteResidual-v0,48,59,6,13.85051380179339,0.0
rl,ppo | LDPC-DiscreteResidual-v0,48,59,7,11.462914717273524,0.0
rl,ppo | LDPC-DiscreteResidual-v0,48,59,8,10.820030791833673,0.0
rl,ppo | LDPC-DiscreteResidual-v0,48,59,9,10.820030791833673,0.0
rl,ppo | LDPC-DiscreteResidual-v0,48,59,10,11.338765464649214,0.0
rl,ppo | LDPC-DiscreteResidual-v0,48,59,11,11.101647021092171,0.0
rl,ppo | LDPC-DiscreteResidual-v0,48,60,0,11.462914717273524,0.0
rl,ppo | LDPC-DiscreteResidual-v0,48,60,1,10.820030791833673,0.0
rl,ppo | LDPC-DiscreteResidual-v0,48,60,2,13.85051380179339,0.0
rl,ppo | LDPC-DiscreteResidual-v0,48,60,3,11.462914717273524,0.0
rl,ppo | LDPC-DiscreteResidual-v0,48,60,4,11.703715148280104,0.0
rl,ppo | LDPC-DiscreteResidual-v0,48,60,5,13.85051380179339,0.0
rl,ppo | LDPC-DiscreteResidual-v0,48,60,6,13.85051380179339,0.0
rl,ppo | LDPC-DiscreteResidual-v0,48,60,7,11.462914717273524,0.0
rl,ppo | LDPC-DiscreteResidual-v0,48,60,8,10.820030791833673,0.0
rl,ppo | LDPC-DiscreteResidual-v0,48,60,9,10.820030791833673,0.0
rl,ppo | LDPC-DiscreteResidual-v0,48,60,10,11.338765464649214,0.0
rl,ppo | LDPC-DiscreteResidual-v0,48,60,11,11.101647021092171,0.0
